timestamp,source,match_id,home_team,away_team,home_win,draw,away_win,home_or_draw,away_or_draw,home_or_away,over_1_5,under_1_5,over_2_5,under_2_5,over_3_5,under_3_5,both_teams_score_yes,both_teams_score_no
2025-06-15T21:47:59.879215,Sisal,paris-saint-germain-atletico-madrid,Paris Saint-Germain,Atletico Madrid,1.33,4.75,9.0,1.02,3.01,1.14,,,1.65,2.1,2.9,1.36,1.65,2.1
2025-06-15T21:48:10.271550,Sisal,paris-saint-germain-atletico-madrid,Paris Saint-Germain,Atletico Madrid,1.33,4.75,9.0,1.02,3.01,1.14,,,1.65,2.1,2.9,1.36,1.65,2.1
2025-06-15T21:48:20.500924,Sisal,paris-saint-germain-atletico-madrid,Paris Saint-Germain,Atletico Madrid,1.33,4.75,9.0,1.02,3.01,1.14,,,1.65,2.1,2.9,1.36,1.65,2.1
2025-06-15T21:48:30.980817,Sisal,paris-saint-germain-atletico-madrid,Paris Saint-Germain,Atletico Madrid,1.33,4.75,10.0,1.02,3.11,1.16,,,1.65,2.1,3.0,1.33,1.67,2.05
2025-06-15T21:48:41.447183,Sisal,paris-saint-germain-atletico-madrid,Paris Saint-Germain,Atletico Madrid,1.33,4.75,10.0,1.02,3.11,1.16,,,1.65,2.1,3.0,1.33,1.67,2.05
2025-06-15T21:48:51.942199,Sisal,paris-saint-germain-atletico-madrid,Paris Saint-Germain,Atletico Madrid,1.3,4.75,10.0,1.01,3.11,1.13,,,1.72,2.0,3.1,1.3,1.67,2.05
2025-06-15T21:49:02.673833,Sisal,paris-saint-germain-atletico-madrid,Paris Saint-Germain,Atletico Madrid,1.33,4.5,10.0,1.01,3.01,1.16,,,1.72,2.0,3.1,1.3,1.67,2.05
2025-06-15T21:49:13.250742,Sisal,paris-saint-germain-atletico-madrid,Paris Saint-Germain,Atletico Madrid,1.33,4.5,10.0,1.01,3.01,1.16,,,1.72,2.0,3.1,1.3,1.67,2.05
2025-06-15T21:49:23.772993,Sisal,paris-saint-germain-atletico-madrid,Paris Saint-Germain,Atletico Madrid,1.33,4.5,10.0,1.01,3.01,1.16,,,1.72,2.0,3.1,1.3,1.67,2.05
2025-06-15T21:49:34.260646,Sisal,paris-saint-germain-atletico-madrid,Paris Saint-Germain,Atletico Madrid,1.33,4.5,10.0,1.01,3.01,1.16,,,1.72,2.0,3.1,1.3,1.67,2.05
2025-06-15T21:49:44.747343,Sisal,paris-saint-germain-atletico-madrid,Paris Saint-Germain,Atletico Madrid,1.33,4.5,9.0,1.01,2.91,1.14,,,1.65,2.1,3.0,1.33,1.65,2.1
2025-06-15T21:49:55.183302,Sisal,paris-saint-germain-atletico-madrid,Paris Saint-Germain,Atletico Madrid,1.36,4.5,9.0,1.03,2.91,1.16,,,1.72,2.0,3.1,1.3,1.65,2.1
2025-06-15T21:50:05.655656,Sisal,paris-saint-germain-atletico-madrid,Paris Saint-Germain,Atletico Madrid,1.36,4.5,9.0,1.03,2.91,1.16,,,1.72,2.0,3.1,1.3,1.65,2.1
2025-06-15T21:50:16.113303,Sisal,paris-saint-germain-atletico-madrid,Paris Saint-Germain,Atletico Madrid,1.36,4.5,9.0,1.03,2.91,1.16,,,1.72,2.0,3.1,1.3,1.65,2.1
2025-06-15T21:50:26.596748,Sisal,paris-saint-germain-atletico-madrid,Paris Saint-Germain,Atletico Madrid,1.36,4.25,10.0,1.01,2.89,1.18,,,1.72,2.0,3.0,1.33,1.65,2.1
2025-06-15T21:50:37.110662,Sisal,paris-saint-germain-atletico-madrid,Paris Saint-Germain,Atletico Madrid,1.36,4.25,10.0,1.01,2.89,1.18,,,1.72,2.0,3.0,1.33,1.65,2.1
2025-06-15T21:50:47.440286,Sisal,paris-saint-germain-atletico-madrid,Paris Saint-Germain,Atletico Madrid,,,,,,,,,,,,,,
2025-06-15T21:50:57.746436,Sisal,paris-saint-germain-atletico-madrid,Paris Saint-Germain,Atletico Madrid,,,,,,,,,,,,,,
2025-06-15T21:51:08.025285,Sisal,paris-saint-germain-atletico-madrid,Paris Saint-Germain,Atletico Madrid,,,,,,,,,,,,,,
2025-06-15T21:51:18.581574,Sisal,paris-saint-germain-atletico-madrid,Paris Saint-Germain,Atletico Madrid,,,,,,,,,,,,,,
2025-06-15T21:51:28.894374,Sisal,paris-saint-germain-atletico-madrid,Paris Saint-Germain,Atletico Madrid,,,,,,,,,,,,,,
2025-06-15T21:51:39.180075,Sisal,paris-saint-germain-atletico-madrid,Paris Saint-Germain,Atletico Madrid,,,,,,,,,,,,,,
2025-06-15T21:51:49.607470,Sisal,paris-saint-germain-atletico-madrid,Paris Saint-Germain,Atletico Madrid,1.06,12.0,30.0,,7.89,1.01,,,1.15,4.75,1.72,1.95,1.72,1.95
2025-06-15T21:52:00.079920,Sisal,paris-saint-germain-atletico-madrid,Paris Saint-Germain,Atletico Madrid,1.06,12.0,33.0,,8.08,1.01,,,1.15,4.75,1.72,1.95,1.72,1.95
2025-06-15T21:52:10.512426,Sisal,paris-saint-germain-atletico-madrid,Paris Saint-Germain,Atletico Madrid,1.07,11.0,30.0,,7.44,1.02,,,1.15,4.75,1.72,1.95,1.67,2.05
2025-06-15T21:52:20.971158,Sisal,paris-saint-germain-atletico-madrid,Paris Saint-Germain,Atletico Madrid,1.07,11.0,30.0,,7.44,1.02,,,1.15,4.75,1.72,1.95,1.67,2.05
2025-06-15T21:52:31.394629,Sisal,paris-saint-germain-atletico-madrid,Paris Saint-Germain,Atletico Madrid,1.07,11.0,30.0,,7.44,1.02,,,1.16,4.5,1.75,1.9,1.72,1.95
2025-06-15T21:52:41.832476,Sisal,paris-saint-germain-atletico-madrid,Paris Saint-Germain,Atletico Madrid,1.07,11.0,30.0,,7.44,1.02,,,1.16,4.5,1.75,1.9,1.72,1.95
2025-06-15T21:52:52.288789,Sisal,paris-saint-germain-atletico-madrid,Paris Saint-Germain,Atletico Madrid,1.07,11.0,30.0,,7.44,1.02,,,1.16,4.5,1.75,1.9,1.72,1.95
2025-06-15T21:53:02.977252,Sisal,paris-saint-germain-atletico-madrid,Paris Saint-Germain,Atletico Madrid,1.07,11.0,30.0,,7.44,1.02,,,1.16,4.5,1.75,1.9,1.72,2.0
2025-06-15T21:53:13.368042,Sisal,paris-saint-germain-atletico-madrid,Paris Saint-Germain,Atletico Madrid,1.07,11.0,30.0,,7.44,1.02,,,1.16,4.5,1.75,1.9,1.72,2.0
2025-06-15T21:53:23.849671,Sisal,paris-saint-germain-atletico-madrid,Paris Saint-Germain,Atletico Madrid,1.07,11.0,30.0,,7.44,1.02,,,1.16,4.5,1.75,1.9,1.72,2.0
2025-06-15T21:53:34.338655,Sisal,paris-saint-germain-atletico-madrid,Paris Saint-Germain,Atletico Madrid,1.07,11.0,30.0,,7.44,1.02,,,1.16,4.5,1.75,1.9,1.72,2.0
2025-06-15T21:53:44.767425,Sisal,paris-saint-germain-atletico-madrid,Paris Saint-Germain,Atletico Madrid,1.07,11.0,30.0,,7.44,1.02,,,1.16,4.5,1.75,1.9,1.72,2.0
2025-06-15T21:53:55.183472,Sisal,paris-saint-germain-atletico-madrid,Paris Saint-Germain,Atletico Madrid,1.07,11.0,30.0,,7.44,1.02,,,1.16,4.5,1.75,1.9,1.72,2.0
2025-06-15T21:54:05.635144,Sisal,paris-saint-germain-atletico-madrid,Paris Saint-Germain,Atletico Madrid,1.07,11.0,30.0,,7.44,1.02,,,1.16,4.5,1.75,1.9,1.72,2.0
2025-06-15T21:54:16.186863,Sisal,paris-saint-germain-atletico-madrid,Paris Saint-Germain,Atletico Madrid,1.07,11.0,30.0,,7.44,1.02,,,1.16,4.5,1.75,1.9,1.72,2.0
2025-06-15T21:54:26.633549,Sisal,paris-saint-germain-atletico-madrid,Paris Saint-Germain,Atletico Madrid,1.07,11.0,30.0,,7.44,1.02,,,1.16,4.5,1.75,1.9,1.72,2.0
2025-06-15T21:54:37.042819,Sisal,paris-saint-germain-atletico-madrid,Paris Saint-Germain,Atletico Madrid,1.07,11.0,30.0,,7.44,1.02,,,1.16,4.5,1.75,1.9,1.72,2.0
2025-06-15T21:54:47.485507,Sisal,paris-saint-germain-atletico-madrid,Paris Saint-Germain,Atletico Madrid,1.07,11.0,30.0,,7.44,1.02,,,1.16,4.5,1.75,1.9,1.72,2.0
2025-06-15T21:54:58.118305,Sisal,paris-saint-germain-atletico-madrid,Paris Saint-Germain,Atletico Madrid,1.07,11.0,30.0,,7.44,1.02,,,1.16,4.5,1.75,1.9,1.72,2.0
2025-06-15T21:55:08.963574,Sisal,paris-saint-germain-atletico-madrid,Paris Saint-Germain,Atletico Madrid,1.07,11.0,30.0,,7.44,1.02,,,1.16,4.5,1.75,1.9,1.72,2.0
2025-06-15T21:55:19.589407,Sisal,paris-saint-germain-atletico-madrid,Paris Saint-Germain,Atletico Madrid,1.07,11.0,30.0,,7.44,1.02,,,1.16,4.5,1.75,1.9,1.72,2.0
2025-06-15T21:55:30.012897,Sisal,paris-saint-germain-atletico-madrid,Paris Saint-Germain,Atletico Madrid,1.07,11.0,30.0,,7.44,1.02,,,1.16,4.5,1.75,1.9,1.72,2.0
2025-06-15T21:55:40.455095,Sisal,paris-saint-germain-atletico-madrid,Paris Saint-Germain,Atletico Madrid,1.07,11.0,30.0,,7.44,1.02,,,1.16,4.5,1.75,1.9,1.72,2.0
2025-06-15T21:55:50.899992,Sisal,paris-saint-germain-atletico-madrid,Paris Saint-Germain,Atletico Madrid,1.07,11.0,30.0,,7.44,1.02,,,1.16,4.5,1.75,1.9,1.72,2.0
2025-06-15T21:56:01.383660,Sisal,paris-saint-germain-atletico-madrid,Paris Saint-Germain,Atletico Madrid,1.07,11.0,30.0,,7.44,1.02,,,1.16,4.5,1.75,1.9,1.72,2.0
2025-06-15T21:56:11.825145,Sisal,paris-saint-germain-atletico-madrid,Paris Saint-Germain,Atletico Madrid,1.07,11.0,30.0,,7.44,1.02,,,1.16,4.5,1.75,1.9,1.72,2.0
2025-06-15T21:56:22.298992,Sisal,paris-saint-germain-atletico-madrid,Paris Saint-Germain,Atletico Madrid,1.07,11.0,30.0,,7.44,1.02,,,1.16,4.5,1.75,1.9,1.72,2.0
2025-06-15T21:56:32.740506,Sisal,paris-saint-germain-atletico-madrid,Paris Saint-Germain,Atletico Madrid,1.07,11.0,30.0,,7.44,1.02,,,1.16,4.5,1.75,1.9,1.72,2.0
2025-06-15T21:56:43.172515,Sisal,paris-saint-germain-atletico-madrid,Paris Saint-Germain,Atletico Madrid,1.07,11.0,30.0,,7.44,1.02,,,1.16,4.5,1.75,1.9,1.72,2.0
2025-06-15T21:56:53.586702,Sisal,paris-saint-germain-atletico-madrid,Paris Saint-Germain,Atletico Madrid,1.07,11.0,30.0,,7.44,1.02,,,1.16,4.5,1.75,1.9,1.72,2.0
2025-06-15T21:57:04.225292,Sisal,paris-saint-germain-atletico-madrid,Paris Saint-Germain,Atletico Madrid,1.07,11.0,30.0,,7.44,1.02,,,1.16,4.5,1.75,1.9,1.72,2.0
2025-06-15T21:57:14.649708,Sisal,paris-saint-germain-atletico-madrid,Paris Saint-Germain,Atletico Madrid,1.07,11.0,30.0,,7.44,1.02,,,1.16,4.5,1.75,1.9,1.72,2.0
2025-06-15T21:57:25.242075,Sisal,paris-saint-germain-atletico-madrid,Paris Saint-Germain,Atletico Madrid,1.07,11.0,30.0,,7.44,1.02,,,1.16,4.5,1.75,1.9,1.72,2.0
2025-06-15T21:57:35.676443,Sisal,paris-saint-germain-atletico-madrid,Paris Saint-Germain,Atletico Madrid,1.07,11.0,30.0,,7.44,1.02,,,1.16,4.5,1.75,1.9,1.72,2.0
2025-06-15T21:57:46.117642,Sisal,paris-saint-germain-atletico-madrid,Paris Saint-Germain,Atletico Madrid,1.07,11.0,30.0,,7.44,1.02,,,1.16,4.5,1.75,1.9,1.72,2.0
2025-06-15T21:57:56.564803,Sisal,paris-saint-germain-atletico-madrid,Paris Saint-Germain,Atletico Madrid,1.07,11.0,30.0,,7.44,1.02,,,1.16,4.5,1.75,1.9,1.72,2.0
2025-06-15T21:58:06.996720,Sisal,paris-saint-germain-atletico-madrid,Paris Saint-Germain,Atletico Madrid,1.07,11.0,30.0,,7.44,1.02,,,1.16,4.5,1.75,1.9,1.72,2.0
2025-06-15T21:58:17.445383,Sisal,paris-saint-germain-atletico-madrid,Paris Saint-Germain,Atletico Madrid,1.07,11.0,30.0,,7.44,1.02,,,1.16,4.5,1.75,1.9,1.72,2.0
2025-06-15T21:58:28.128724,Sisal,paris-saint-germain-atletico-madrid,Paris Saint-Germain,Atletico Madrid,1.07,11.0,30.0,,7.44,1.02,,,1.16,4.5,1.75,1.9,1.72,2.0
2025-06-15T21:58:38.658103,Sisal,paris-saint-germain-atletico-madrid,Paris Saint-Germain,Atletico Madrid,1.07,11.0,30.0,,7.44,1.02,,,1.16,4.5,1.75,1.9,1.72,2.0
2025-06-15T21:58:49.076261,Sisal,paris-saint-germain-atletico-madrid,Paris Saint-Germain,Atletico Madrid,1.07,11.0,30.0,,7.44,1.02,,,1.16,4.5,1.75,1.9,1.72,2.0
2025-06-15T21:58:59.521924,Sisal,paris-saint-germain-atletico-madrid,Paris Saint-Germain,Atletico Madrid,1.07,11.0,30.0,,7.44,1.02,,,1.16,4.5,1.75,1.9,1.72,2.0
2025-06-15T21:59:09.955119,Sisal,paris-saint-germain-atletico-madrid,Paris Saint-Germain,Atletico Madrid,1.07,11.0,30.0,,7.44,1.02,,,1.16,4.5,1.75,1.9,1.72,2.0
2025-06-15T21:59:20.482259,Sisal,paris-saint-germain-atletico-madrid,Paris Saint-Germain,Atletico Madrid,1.07,11.0,30.0,,7.44,1.02,,,1.16,4.5,1.75,1.9,1.72,2.0
2025-06-15T21:59:30.889200,Sisal,paris-saint-germain-atletico-madrid,Paris Saint-Germain,Atletico Madrid,1.07,11.0,30.0,,7.44,1.02,,,1.16,4.5,1.75,1.9,1.72,2.0
2025-06-15T21:59:41.344402,Sisal,paris-saint-germain-atletico-madrid,Paris Saint-Germain,Atletico Madrid,1.07,11.0,30.0,,7.44,1.02,,,1.16,4.5,1.75,1.9,1.72,2.0
2025-06-15T21:59:51.769268,Sisal,paris-saint-germain-atletico-madrid,Paris Saint-Germain,Atletico Madrid,1.07,11.0,30.0,,7.44,1.02,,,1.16,4.5,1.75,1.9,1.72,2.0
2025-06-15T22:00:02.229567,Sisal,paris-saint-germain-atletico-madrid,Paris Saint-Germain,Atletico Madrid,1.07,11.0,30.0,,7.44,1.02,,,1.16,4.5,1.75,1.9,1.72,2.0
2025-06-15T22:00:12.643536,Sisal,paris-saint-germain-atletico-madrid,Paris Saint-Germain,Atletico Madrid,1.07,11.0,30.0,,7.44,1.02,,,1.16,4.5,1.75,1.9,1.72,2.0
2025-06-15T22:00:23.114446,Sisal,paris-saint-germain-atletico-madrid,Paris Saint-Germain,Atletico Madrid,1.07,11.0,30.0,,7.44,1.02,,,1.16,4.5,1.75,1.9,1.72,2.0
2025-06-15T22:00:33.549294,Sisal,paris-saint-germain-atletico-madrid,Paris Saint-Germain,Atletico Madrid,1.07,11.0,30.0,,7.44,1.02,,,1.16,4.5,1.75,1.9,1.72,2.0
2025-06-15T22:00:43.998991,Sisal,paris-saint-germain-atletico-madrid,Paris Saint-Germain,Atletico Madrid,1.07,11.0,30.0,,7.44,1.02,,,1.16,4.5,1.75,1.9,1.72,2.0
2025-06-15T22:00:54.639826,Sisal,paris-saint-germain-atletico-madrid,Paris Saint-Germain,Atletico Madrid,1.07,11.0,30.0,,7.44,1.02,,,1.16,4.5,1.75,1.9,1.72,2.0
2025-06-15T22:01:05.136077,Sisal,paris-saint-germain-atletico-madrid,Paris Saint-Germain,Atletico Madrid,1.07,11.0,30.0,,7.44,1.02,,,1.16,4.5,1.75,1.9,1.72,2.0
2025-06-15T22:01:15.584936,Sisal,paris-saint-germain-atletico-madrid,Paris Saint-Germain,Atletico Madrid,1.07,11.0,30.0,,7.44,1.02,,,1.16,4.5,1.75,1.9,1.72,2.0
2025-06-15T22:01:26.096226,Sisal,paris-saint-germain-atletico-madrid,Paris Saint-Germain,Atletico Madrid,1.07,11.0,30.0,,7.44,1.02,,,1.16,4.5,1.75,1.9,1.72,2.0
2025-06-15T22:01:36.532732,Sisal,paris-saint-germain-atletico-madrid,Paris Saint-Germain,Atletico Madrid,1.07,11.0,30.0,,7.44,1.02,,,1.16,4.5,1.75,1.9,1.72,2.0
2025-06-15T22:01:46.996227,Sisal,paris-saint-germain-atletico-madrid,Paris Saint-Germain,Atletico Madrid,1.07,11.0,30.0,,7.44,1.02,,,1.16,4.5,1.75,1.9,1.72,2.0
2025-06-15T22:01:57.552716,Sisal,paris-saint-germain-atletico-madrid,Paris Saint-Germain,Atletico Madrid,1.07,11.0,30.0,,7.44,1.02,,,1.16,4.5,1.75,1.9,1.72,2.0
2025-06-15T22:02:07.977713,Sisal,paris-saint-germain-atletico-madrid,Paris Saint-Germain,Atletico Madrid,1.07,11.0,30.0,,7.44,1.02,,,1.16,4.5,1.75,1.9,1.72,2.0
2025-06-15T22:02:18.526682,Sisal,paris-saint-germain-atletico-madrid,Paris Saint-Germain,Atletico Madrid,1.07,11.0,30.0,,7.44,1.02,,,1.16,4.5,1.75,1.9,1.72,2.0
2025-06-15T22:02:28.976214,Sisal,paris-saint-germain-atletico-madrid,Paris Saint-Germain,Atletico Madrid,1.07,11.0,30.0,,7.44,1.02,,,1.16,4.5,1.75,1.9,1.72,2.0
2025-06-15T22:02:39.402297,Sisal,paris-saint-germain-atletico-madrid,Paris Saint-Germain,Atletico Madrid,1.07,11.0,30.0,,7.44,1.02,,,1.16,4.5,1.75,1.9,1.72,2.0
2025-06-15T22:02:50.199506,Sisal,paris-saint-germain-atletico-madrid,Paris Saint-Germain,Atletico Madrid,1.07,11.0,30.0,,7.44,1.02,,,1.16,4.5,1.75,1.9,1.72,2.0
2025-06-15T22:03:00.627398,Sisal,paris-saint-germain-atletico-madrid,Paris Saint-Germain,Atletico Madrid,1.07,11.0,30.0,,7.44,1.02,,,1.16,4.5,1.75,1.9,1.72,2.0
2025-06-15T22:03:11.195744,Sisal,paris-saint-germain-atletico-madrid,Paris Saint-Germain,Atletico Madrid,1.07,11.0,30.0,,7.44,1.02,,,1.16,4.5,1.75,1.9,1.72,2.0
2025-06-15T22:03:21.641106,Sisal,paris-saint-germain-atletico-madrid,Paris Saint-Germain,Atletico Madrid,1.07,11.0,30.0,,7.44,1.02,,,1.16,4.5,1.75,1.9,1.72,2.0
2025-06-15T22:03:32.081906,Sisal,paris-saint-germain-atletico-madrid,Paris Saint-Germain,Atletico Madrid,1.07,11.0,30.0,,7.44,1.02,,,1.16,4.5,1.75,1.9,1.72,2.0
2025-06-15T22:03:42.593848,Sisal,paris-saint-germain-atletico-madrid,Paris Saint-Germain,Atletico Madrid,1.07,11.0,30.0,,7.44,1.02,,,1.16,4.5,1.75,1.9,1.72,2.0
2025-06-15T22:03:53.125497,Sisal,paris-saint-germain-atletico-madrid,Paris Saint-Germain,Atletico Madrid,1.07,11.0,30.0,,7.44,1.02,,,1.16,4.5,1.75,1.9,1.72,2.0
2025-06-15T22:04:03.544601,Sisal,paris-saint-germain-atletico-madrid,Paris Saint-Germain,Atletico Madrid,1.07,11.0,30.0,,7.44,1.02,,,1.16,4.5,1.75,1.9,1.72,2.0
2025-06-15T22:04:13.959246,Sisal,paris-saint-germain-atletico-madrid,Paris Saint-Germain,Atletico Madrid,1.07,11.0,30.0,,7.44,1.02,,,1.16,4.5,1.75,1.9,1.72,2.0
2025-06-15T22:04:24.359444,Sisal,paris-saint-germain-atletico-madrid,Paris Saint-Germain,Atletico Madrid,1.07,11.0,30.0,,7.44,1.02,,,1.16,4.5,1.75,1.9,1.72,2.0
2025-06-15T22:04:35.008805,Sisal,paris-saint-germain-atletico-madrid,Paris Saint-Germain,Atletico Madrid,1.07,11.0,30.0,,7.44,1.02,,,1.16,4.5,1.75,1.9,1.72,2.0
2025-06-15T22:04:45.449880,Sisal,paris-saint-germain-atletico-madrid,Paris Saint-Germain,Atletico Madrid,1.07,11.0,30.0,,7.44,1.02,,,1.16,4.5,1.75,1.9,1.72,2.0
2025-06-15T22:04:55.853422,Sisal,paris-saint-germain-atletico-madrid,Paris Saint-Germain,Atletico Madrid,1.07,11.0,30.0,,7.44,1.02,,,1.16,4.5,1.75,1.9,1.72,2.0
2025-06-15T22:05:06.263947,Sisal,paris-saint-germain-atletico-madrid,Paris Saint-Germain,Atletico Madrid,1.07,11.0,30.0,,7.44,1.02,,,1.16,4.5,1.75,1.9,1.72,2.0
2025-06-15T22:05:16.672803,Sisal,paris-saint-germain-atletico-madrid,Paris Saint-Germain,Atletico Madrid,1.07,11.0,30.0,,7.44,1.02,,,1.16,4.5,1.75,1.9,1.72,2.0
2025-06-15T22:05:27.215660,Sisal,paris-saint-germain-atletico-madrid,Paris Saint-Germain,Atletico Madrid,1.06,12.0,33.0,,8.08,1.01,,,1.15,4.75,1.75,1.9,1.72,2.0
2025-06-15T22:05:37.850410,Sisal,paris-saint-germain-atletico-madrid,Paris Saint-Germain,Atletico Madrid,1.06,12.0,33.0,,8.08,1.01,,,1.15,4.75,1.75,1.9,1.72,2.0
2025-06-15T22:05:48.267018,Sisal,paris-saint-germain-atletico-madrid,Paris Saint-Germain,Atletico Madrid,1.06,12.0,33.0,,8.08,1.01,,,1.15,4.75,1.75,1.9,1.72,2.0
2025-06-15T22:05:58.795407,Sisal,paris-saint-germain-atletico-madrid,Paris Saint-Germain,Atletico Madrid,1.06,12.0,33.0,,8.08,1.01,,,1.15,4.75,1.75,1.9,1.72,2.0
2025-06-15T22:06:09.232038,Sisal,paris-saint-germain-atletico-madrid,Paris Saint-Germain,Atletico Madrid,1.06,12.0,33.0,,8.08,1.01,,,1.15,4.75,1.75,1.9,1.72,2.0
2025-06-15T22:06:19.677158,Sisal,paris-saint-germain-atletico-madrid,Paris Saint-Germain,Atletico Madrid,1.06,12.0,33.0,,8.08,1.01,,,1.15,4.75,1.75,1.9,1.72,2.0
2025-06-15T22:06:30.120123,Sisal,paris-saint-germain-atletico-madrid,Paris Saint-Germain,Atletico Madrid,1.06,12.0,33.0,,8.08,1.01,,,1.15,4.75,1.75,1.9,1.72,2.0
2025-06-15T22:06:40.568293,Sisal,paris-saint-germain-atletico-madrid,Paris Saint-Germain,Atletico Madrid,1.06,12.0,33.0,,8.08,1.01,,,1.15,4.75,1.75,1.9,1.72,2.0
2025-06-15T22:06:51.106037,Sisal,paris-saint-germain-atletico-madrid,Paris Saint-Germain,Atletico Madrid,1.06,12.0,33.0,,8.08,1.01,,,1.15,4.75,1.75,1.9,1.72,2.0
2025-06-15T22:07:01.494002,Sisal,paris-saint-germain-atletico-madrid,Paris Saint-Germain,Atletico Madrid,1.06,12.0,33.0,,8.08,1.01,,,1.15,4.75,1.75,1.9,1.72,2.0
2025-06-15T22:07:11.924478,Sisal,paris-saint-germain-atletico-madrid,Paris Saint-Germain,Atletico Madrid,1.07,11.0,30.0,,7.44,1.02,,,1.15,4.75,1.72,1.95,1.72,2.0
2025-06-15T22:07:22.385542,Sisal,paris-saint-germain-atletico-madrid,Paris Saint-Germain,Atletico Madrid,1.07,11.0,30.0,,7.44,1.02,,,1.15,4.75,1.72,1.95,1.72,2.0
2025-06-15T22:07:32.955730,Sisal,paris-saint-germain-atletico-madrid,Paris Saint-Germain,Atletico Madrid,1.07,11.0,30.0,,7.44,1.02,,,1.15,4.75,1.72,1.95,1.72,2.0
2025-06-15T22:07:43.364553,Sisal,paris-saint-germain-atletico-madrid,Paris Saint-Germain,Atletico Madrid,1.07,11.0,30.0,,7.44,1.02,,,1.15,4.75,1.72,1.95,1.72,2.0
2025-06-15T22:07:53.802302,Sisal,paris-saint-germain-atletico-madrid,Paris Saint-Germain,Atletico Madrid,1.07,11.0,30.0,,7.44,1.02,,,1.15,4.75,1.72,1.95,1.72,2.0
2025-06-15T22:08:04.264004,Sisal,paris-saint-germain-atletico-madrid,Paris Saint-Germain,Atletico Madrid,1.07,11.0,30.0,,7.44,1.02,,,1.15,4.75,1.72,1.95,1.72,2.0
2025-06-15T22:08:14.779183,Sisal,paris-saint-germain-atletico-madrid,Paris Saint-Germain,Atletico Madrid,1.07,11.0,30.0,,7.44,1.02,,,1.15,4.75,1.72,1.95,1.72,2.0
2025-06-15T22:08:25.197424,Sisal,paris-saint-germain-atletico-madrid,Paris Saint-Germain,Atletico Madrid,1.07,11.0,30.0,,7.44,1.02,,,1.15,4.75,1.72,1.95,1.72,2.0
2025-06-15T22:08:35.626583,Sisal,paris-saint-germain-atletico-madrid,Paris Saint-Germain,Atletico Madrid,1.07,11.0,30.0,,7.44,1.02,,,1.15,4.75,1.72,1.95,1.72,2.0
2025-06-15T22:08:46.087040,Sisal,paris-saint-germain-atletico-madrid,Paris Saint-Germain,Atletico Madrid,1.07,11.0,30.0,,7.44,1.02,,,1.15,4.75,1.72,1.95,1.72,2.0
2025-06-15T22:08:57.581316,Sisal,paris-saint-germain-atletico-madrid,Paris Saint-Germain,Atletico Madrid,1.07,11.0,30.0,,7.44,1.02,,,1.15,4.75,1.72,1.95,1.72,2.0
2025-06-15T22:09:07.981842,Sisal,paris-saint-germain-atletico-madrid,Paris Saint-Germain,Atletico Madrid,1.07,11.0,30.0,,7.44,1.02,,,1.15,4.75,1.72,1.95,1.72,2.0
2025-06-15T22:09:18.605875,Sisal,paris-saint-germain-atletico-madrid,Paris Saint-Germain,Atletico Madrid,1.07,11.0,30.0,,7.44,1.02,,,1.15,4.75,1.72,1.95,1.72,2.0
2025-06-15T22:09:29.058146,Sisal,paris-saint-germain-atletico-madrid,Paris Saint-Germain,Atletico Madrid,1.07,11.0,30.0,,7.44,1.02,,,1.15,4.75,1.72,1.95,1.72,2.0
2025-06-15T22:09:39.503695,Sisal,paris-saint-germain-atletico-madrid,Paris Saint-Germain,Atletico Madrid,1.07,11.0,30.0,,7.44,1.02,,,1.15,4.75,1.72,1.95,1.72,2.0
2025-06-15T22:09:49.893094,Sisal,paris-saint-germain-atletico-madrid,Paris Saint-Germain,Atletico Madrid,1.07,11.0,30.0,,7.44,1.02,,,1.15,4.75,1.72,1.95,1.72,2.0
2025-06-15T22:10:00.319967,Sisal,paris-saint-germain-atletico-madrid,Paris Saint-Germain,Atletico Madrid,1.07,11.0,30.0,,7.44,1.02,,,1.15,4.75,1.72,1.95,1.72,2.0
2025-06-15T22:10:10.769174,Sisal,paris-saint-germain-atletico-madrid,Paris Saint-Germain,Atletico Madrid,1.07,11.0,30.0,,7.44,1.02,,,1.15,4.75,1.72,1.95,1.72,2.0
2025-06-15T22:10:21.211369,Sisal,paris-saint-germain-atletico-madrid,Paris Saint-Germain,Atletico Madrid,1.07,11.0,30.0,,7.44,1.02,,,1.15,4.75,1.72,1.95,1.72,2.0
2025-06-15T22:10:31.612097,Sisal,paris-saint-germain-atletico-madrid,Paris Saint-Germain,Atletico Madrid,1.07,11.0,30.0,,7.44,1.02,,,1.15,4.75,1.72,1.95,1.72,2.0
2025-06-15T22:10:42.172719,Sisal,paris-saint-germain-atletico-madrid,Paris Saint-Germain,Atletico Madrid,1.07,11.0,30.0,,7.44,1.02,,,1.15,4.75,1.72,1.95,1.72,2.0
2025-06-15T22:10:52.600412,Sisal,paris-saint-germain-atletico-madrid,Paris Saint-Germain,Atletico Madrid,1.07,11.0,30.0,,7.44,1.02,,,1.15,4.75,1.72,1.95,1.72,2.0
2025-06-15T22:11:03.043801,Sisal,paris-saint-germain-atletico-madrid,Paris Saint-Germain,Atletico Madrid,1.07,11.0,30.0,,7.44,1.02,,,1.15,4.75,1.72,1.95,1.72,2.0
2025-06-15T22:11:13.449734,Sisal,paris-saint-germain-atletico-madrid,Paris Saint-Germain,Atletico Madrid,1.07,11.0,30.0,,7.44,1.02,,,1.15,4.75,1.72,1.95,1.72,2.0
2025-06-15T22:11:23.884049,Sisal,paris-saint-germain-atletico-madrid,Paris Saint-Germain,Atletico Madrid,1.07,11.0,30.0,,7.44,1.02,,,1.15,4.75,1.72,1.95,1.72,2.0
2025-06-15T22:11:34.400060,Sisal,paris-saint-germain-atletico-madrid,Paris Saint-Germain,Atletico Madrid,1.07,11.0,25.0,,7.09,1.01,,,1.15,4.75,1.7,2.0,1.72,2.0
2025-06-15T22:11:44.835704,Sisal,paris-saint-germain-atletico-madrid,Paris Saint-Germain,Atletico Madrid,1.07,11.0,25.0,,7.09,1.01,,,1.15,4.75,1.72,1.95,1.72,2.0
2025-06-15T22:11:55.236727,Sisal,paris-saint-germain-atletico-madrid,Paris Saint-Germain,Atletico Madrid,1.07,11.0,30.0,,7.44,1.02,,,1.15,4.75,1.7,2.0,1.67,2.05
2025-06-15T22:12:06.192767,Sisal,paris-saint-germain-atletico-madrid,Paris Saint-Germain,Atletico Madrid,1.06,12.0,33.0,,8.08,1.01,,,1.14,5.0,1.7,2.0,1.7,2.0
2025-06-15T22:12:16.725064,Sisal,paris-saint-germain-atletico-madrid,Paris Saint-Germain,Atletico Madrid,1.06,12.0,33.0,,8.08,1.01,,,1.15,4.75,1.72,1.95,1.7,2.0
2025-06-15T22:12:27.171208,Sisal,paris-saint-germain-atletico-madrid,Paris Saint-Germain,Atletico Madrid,1.06,12.0,33.0,,8.08,1.01,,,1.15,4.75,1.72,1.95,1.7,2.0
2025-06-15T22:12:37.588652,Sisal,paris-saint-germain-atletico-madrid,Paris Saint-Germain,Atletico Madrid,1.06,12.0,33.0,,8.08,1.01,,,1.15,4.75,1.72,1.95,1.7,2.0
2025-06-15T22:12:48.023272,Sisal,paris-saint-germain-atletico-madrid,Paris Saint-Germain,Atletico Madrid,1.06,12.0,33.0,,8.08,1.01,,,1.14,5.0,1.75,1.9,1.7,2.0
2025-06-15T22:12:58.495888,Sisal,paris-saint-germain-atletico-madrid,Paris Saint-Germain,Atletico Madrid,1.06,12.0,33.0,,8.08,1.01,,,1.14,5.0,1.75,1.9,1.7,2.0
2025-06-15T22:13:09.067617,Sisal,paris-saint-germain-atletico-madrid,Paris Saint-Germain,Atletico Madrid,1.06,12.0,30.0,,7.89,1.01,,,1.15,4.75,1.75,1.9,1.72,2.0
2025-06-15T22:13:19.545918,Sisal,paris-saint-germain-atletico-madrid,Paris Saint-Germain,Atletico Madrid,1.06,12.0,30.0,,7.89,1.01,,,1.15,4.75,1.75,1.9,1.72,2.0
2025-06-15T22:13:29.975729,Sisal,paris-saint-germain-atletico-madrid,Paris Saint-Germain,Atletico Madrid,1.06,12.0,30.0,,7.89,1.01,,,1.15,4.75,1.75,1.9,1.72,2.0
2025-06-15T22:13:40.404149,Sisal,paris-saint-germain-atletico-madrid,Paris Saint-Germain,Atletico Madrid,1.06,12.0,30.0,,7.89,1.01,,,1.15,4.75,1.75,1.9,1.72,2.0
2025-06-15T22:13:50.847954,Sisal,paris-saint-germain-atletico-madrid,Paris Saint-Germain,Atletico Madrid,1.06,12.0,30.0,,7.89,1.01,,,1.15,4.75,1.75,1.9,1.72,2.0
2025-06-15T22:14:01.597472,Sisal,paris-saint-germain-atletico-madrid,Paris Saint-Germain,Atletico Madrid,1.06,12.0,33.0,,8.08,1.01,,,1.15,4.75,1.75,1.9,1.72,1.95
2025-06-15T22:14:12.050501,Sisal,paris-saint-germain-atletico-madrid,Paris Saint-Germain,Atletico Madrid,1.06,12.0,33.0,,8.08,1.01,,,1.15,4.75,1.75,1.9,1.72,1.95
2025-06-15T22:14:22.698061,Sisal,paris-saint-germain-atletico-madrid,Paris Saint-Germain,Atletico Madrid,1.06,12.0,33.0,,8.08,1.01,,,1.15,4.75,1.75,1.9,1.72,1.95
2025-06-15T22:14:33.138751,Sisal,paris-saint-germain-atletico-madrid,Paris Saint-Germain,Atletico Madrid,1.06,12.0,33.0,,8.08,1.01,,,1.15,4.75,1.75,1.9,1.72,1.95
2025-06-15T22:14:43.640023,Sisal,paris-saint-germain-atletico-madrid,Paris Saint-Germain,Atletico Madrid,1.06,12.0,33.0,,7.89,1.01,,,1.16,4.5,1.8,1.85,1.72,1.95
2025-06-15T22:14:54.085968,Sisal,paris-saint-germain-atletico-madrid,Paris Saint-Germain,Atletico Madrid,1.07,11.0,33.0,,7.62,1.02,,,1.15,4.75,1.75,1.9,1.72,1.95
2025-06-15T22:15:04.549490,Sisal,paris-saint-germain-atletico-madrid,Paris Saint-Germain,Atletico Madrid,1.06,12.0,36.0,,8.25,1.01,,,1.16,4.5,1.8,1.85,1.75,1.9
2025-06-15T22:15:15.002447,Sisal,paris-saint-germain-atletico-madrid,Paris Saint-Germain,Atletico Madrid,1.06,12.0,36.0,,8.25,1.01,,,1.16,4.5,1.8,1.85,1.75,1.9
2025-06-15T22:15:25.438218,Sisal,paris-saint-germain-atletico-madrid,Paris Saint-Germain,Atletico Madrid,1.06,12.0,33.0,,8.08,1.01,,,1.15,4.75,1.8,1.85,1.75,1.9
2025-06-15T22:15:35.897284,Sisal,paris-saint-germain-atletico-madrid,Paris Saint-Germain,Atletico Madrid,1.05,12.0,36.0,,8.25,,,,1.16,4.5,1.85,1.8,1.75,1.9
2025-06-15T22:15:46.301345,Sisal,paris-saint-germain-atletico-madrid,Paris Saint-Germain,Atletico Madrid,1.05,12.0,36.0,,8.25,,,,1.16,4.5,1.85,1.8,1.75,1.9
2025-06-15T22:15:56.764863,Sisal,paris-saint-germain-atletico-madrid,Paris Saint-Germain,Atletico Madrid,1.05,13.0,36.0,,8.71,,,,1.16,4.5,1.8,1.85,1.75,1.9
2025-06-15T22:16:07.214305,Sisal,paris-saint-germain-atletico-madrid,Paris Saint-Germain,Atletico Madrid,1.05,13.0,36.0,,8.71,,,,1.16,4.5,1.8,1.8,1.8,1.9
2025-06-15T22:16:17.647633,Sisal,paris-saint-germain-atletico-madrid,Paris Saint-Germain,Atletico Madrid,1.05,13.0,36.0,,8.71,,,,1.16,4.5,1.8,1.8,1.8,1.9
2025-06-15T22:16:28.103347,Sisal,paris-saint-germain-atletico-madrid,Paris Saint-Germain,Atletico Madrid,1.06,13.0,33.0,,8.53,1.01,,,1.16,4.5,1.85,1.8,1.8,1.9
2025-06-15T22:16:38.761001,Sisal,paris-saint-germain-atletico-madrid,Paris Saint-Germain,Atletico Madrid,1.05,13.0,36.0,,8.71,,,,1.16,4.5,1.85,1.8,1.8,1.85
2025-06-15T22:16:49.160793,Sisal,paris-saint-germain-atletico-madrid,Paris Saint-Germain,Atletico Madrid,1.06,12.0,33.0,,8.08,1.01,,,1.16,4.5,1.85,1.8,1.8,1.85
2025-06-15T22:16:59.599136,Sisal,paris-saint-germain-atletico-madrid,Paris Saint-Germain,Atletico Madrid,1.06,12.0,33.0,,8.08,1.01,,,1.16,4.5,1.85,1.8,1.8,1.85
2025-06-15T22:17:11.587376,Sisal,paris-saint-germain-atletico-madrid,Paris Saint-Germain,Atletico Madrid,1.06,12.0,33.0,,8.08,1.01,,,1.18,4.25,1.9,1.75,1.8,1.9
2025-06-15T22:17:22.034481,Sisal,paris-saint-germain-atletico-madrid,Paris Saint-Germain,Atletico Madrid,1.06,12.0,36.0,,8.25,1.01,,,1.18,4.25,1.9,1.75,1.8,1.9
2025-06-15T22:17:32.576651,Sisal,paris-saint-germain-atletico-madrid,Paris Saint-Germain,Atletico Madrid,1.06,12.0,36.0,,8.25,1.01,,,1.18,4.25,1.9,1.75,1.8,1.9
2025-06-15T22:17:42.982126,Sisal,paris-saint-germain-atletico-madrid,Paris Saint-Germain,Atletico Madrid,1.06,12.0,36.0,,8.25,1.01,,,1.18,4.25,1.9,1.75,1.8,1.9
2025-06-15T22:17:53.535624,Sisal,paris-saint-germain-atletico-madrid,Paris Saint-Germain,Atletico Madrid,1.06,12.0,36.0,,8.25,1.01,,,1.18,4.25,1.9,1.75,1.8,1.9
2025-06-15T22:18:04.001106,Sisal,paris-saint-germain-atletico-madrid,Paris Saint-Germain,Atletico Madrid,1.06,12.0,36.0,,8.25,1.01,,,1.18,4.25,1.9,1.75,1.8,1.9
2025-06-15T22:18:14.664225,Sisal,paris-saint-germain-atletico-madrid,Paris Saint-Germain,Atletico Madrid,1.06,12.0,36.0,,8.25,1.01,,,1.2,4.0,1.95,1.72,1.8,1.85
2025-06-15T22:18:25.170139,Sisal,paris-saint-germain-atletico-madrid,Paris Saint-Germain,Atletico Madrid,1.06,12.0,36.0,,8.25,1.01,,,1.2,4.0,1.95,1.72,1.8,1.85
2025-06-15T22:18:35.886389,Sisal,paris-saint-germain-atletico-madrid,Paris Saint-Germain,Atletico Madrid,1.06,12.0,36.0,,8.25,1.01,,,1.2,4.0,1.95,1.72,1.8,1.85
2025-06-15T22:18:46.339374,Sisal,paris-saint-germain-atletico-madrid,Paris Saint-Germain,Atletico Madrid,1.05,13.0,40.0,,8.93,1.01,,,1.2,4.0,2.0,1.7,1.85,1.85
2025-06-15T22:18:56.886756,Sisal,paris-saint-germain-atletico-madrid,Paris Saint-Germain,Atletico Madrid,1.05,13.0,40.0,,8.93,1.01,,,1.2,4.0,2.0,1.7,1.85,1.85
2025-06-15T22:19:07.316476,Sisal,paris-saint-germain-atletico-madrid,Paris Saint-Germain,Atletico Madrid,1.06,12.0,33.0,,8.08,1.01,,,1.2,4.0,1.95,1.72,1.8,1.9
2025-06-15T22:19:17.782320,Sisal,paris-saint-germain-atletico-madrid,Paris Saint-Germain,Atletico Madrid,1.06,11.0,33.0,,7.62,1.01,,,1.2,4.0,1.95,1.72,1.8,1.9
2025-06-15T22:19:28.360692,Sisal,paris-saint-germain-atletico-madrid,Paris Saint-Germain,Atletico Madrid,1.06,12.0,36.0,,8.25,1.01,,,1.2,4.0,1.95,1.72,1.85,1.8
2025-06-15T22:19:38.853017,Sisal,paris-saint-germain-atletico-madrid,Paris Saint-Germain,Atletico Madrid,1.06,12.0,36.0,,8.25,1.01,,,1.2,4.0,1.95,1.72,1.85,1.8
2025-06-15T22:19:49.251292,Sisal,paris-saint-germain-atletico-madrid,Paris Saint-Germain,Atletico Madrid,1.06,12.0,40.0,,8.45,1.02,,,1.2,4.0,2.0,1.7,1.85,1.8
2025-06-15T22:19:59.715210,Sisal,paris-saint-germain-atletico-madrid,Paris Saint-Germain,Atletico Madrid,1.06,12.0,33.0,,8.08,1.01,,,1.2,4.0,1.95,1.72,1.8,1.85
2025-06-15T22:20:11.427814,Sisal,paris-saint-germain-atletico-madrid,Paris Saint-Germain,Atletico Madrid,1.06,12.0,33.0,,8.08,1.01,,,1.2,4.0,1.95,1.72,1.8,1.85
2025-06-15T22:20:21.929445,Sisal,paris-saint-germain-atletico-madrid,Paris Saint-Germain,Atletico Madrid,1.06,12.0,33.0,,8.08,1.01,,,1.2,4.0,1.95,1.72,1.8,1.85
2025-06-15T22:20:32.360178,Sisal,paris-saint-germain-atletico-madrid,Paris Saint-Germain,Atletico Madrid,1.05,13.0,36.0,,8.71,,,,1.22,3.75,2.1,1.62,1.9,1.75
2025-06-15T22:20:42.804701,Sisal,paris-saint-germain-atletico-madrid,Paris Saint-Germain,Atletico Madrid,1.05,13.0,40.0,,8.93,1.01,,,1.22,3.75,2.1,1.62,1.9,1.75
2025-06-15T22:20:53.240924,Sisal,paris-saint-germain-atletico-madrid,Paris Saint-Germain,Atletico Madrid,1.05,13.0,40.0,,8.93,1.01,,,1.22,3.75,2.1,1.62,1.9,1.75
2025-06-15T22:21:03.799443,Sisal,paris-saint-germain-atletico-madrid,Paris Saint-Germain,Atletico Madrid,1.05,13.0,40.0,,8.93,1.01,,,1.22,3.75,2.1,1.62,1.9,1.75
2025-06-15T22:21:14.214058,Sisal,paris-saint-germain-atletico-madrid,Paris Saint-Germain,Atletico Madrid,1.05,13.0,40.0,,8.93,1.01,,,1.22,3.75,2.1,1.62,1.9,1.75
2025-06-15T22:21:24.618278,Sisal,paris-saint-germain-atletico-madrid,Paris Saint-Germain,Atletico Madrid,1.05,13.0,40.0,,8.93,1.01,,,1.22,3.75,2.1,1.62,1.9,1.75
2025-06-15T22:21:35.051051,Sisal,paris-saint-germain-atletico-madrid,Paris Saint-Germain,Atletico Madrid,1.05,13.0,40.0,,8.93,1.01,,,1.22,3.75,2.1,1.62,1.9,1.75
2025-06-15T22:21:45.556180,Sisal,paris-saint-germain-atletico-madrid,Paris Saint-Germain,Atletico Madrid,1.04,14.0,40.0,,9.39,,,,1.22,3.75,2.1,1.62,1.95,1.75
2025-06-15T22:21:55.952754,Sisal,paris-saint-germain-atletico-madrid,Paris Saint-Germain,Atletico Madrid,1.04,14.0,40.0,,9.39,,,,1.22,3.75,2.1,1.62,1.95,1.75
2025-06-15T22:22:06.394003,Sisal,paris-saint-germain-atletico-madrid,Paris Saint-Germain,Atletico Madrid,1.03,16.0,40.0,,10.25,,,,1.22,3.75,2.1,1.62,1.95,1.75
2025-06-15T22:22:16.838633,Sisal,paris-saint-germain-atletico-madrid,Paris Saint-Germain,Atletico Madrid,1.03,16.0,40.0,,10.25,,,,1.22,3.75,2.1,1.62,1.95,1.75
2025-06-15T22:22:27.257351,Sisal,paris-saint-germain-atletico-madrid,Paris Saint-Germain,Atletico Madrid,1.03,16.0,40.0,,10.25,,,,1.22,3.75,2.1,1.62,1.95,1.75
2025-06-15T22:22:37.676526,Sisal,paris-saint-germain-atletico-madrid,Paris Saint-Germain,Atletico Madrid,1.03,16.0,40.0,,10.25,,,,1.22,3.75,2.1,1.62,1.95,1.75
2025-06-15T22:22:48.121099,Sisal,paris-saint-germain-atletico-madrid,Paris Saint-Germain,Atletico Madrid,1.05,14.0,40.0,,9.39,1.01,,,1.22,3.75,2.2,1.57,2.0,1.72
2025-06-15T22:22:58.624243,Sisal,paris-saint-germain-atletico-madrid,Paris Saint-Germain,Atletico Madrid,1.05,14.0,40.0,,9.39,1.01,,,1.27,3.5,2.2,1.57,1.95,1.72
2025-06-15T22:23:09.058623,Sisal,paris-saint-germain-atletico-madrid,Paris Saint-Germain,Atletico Madrid,1.05,14.0,40.0,,9.39,1.01,,,1.27,3.5,2.2,1.57,1.95,1.72
2025-06-15T22:23:19.489832,Sisal,paris-saint-germain-atletico-madrid,Paris Saint-Germain,Atletico Madrid,1.05,14.0,40.0,,9.39,1.01,,,1.27,3.5,2.2,1.57,1.95,1.72
2025-06-15T22:23:30.053466,Sisal,paris-saint-germain-atletico-madrid,Paris Saint-Germain,Atletico Madrid,1.05,14.0,40.0,,9.39,1.01,,,1.27,3.5,2.2,1.57,1.95,1.72
2025-06-15T22:23:40.541219,Sisal,paris-saint-germain-atletico-madrid,Paris Saint-Germain,Atletico Madrid,1.05,14.0,40.0,,9.39,1.01,,,1.27,3.5,2.2,1.57,1.95,1.72
2025-06-15T22:23:50.880800,Sisal,paris-saint-germain-atletico-madrid,Paris Saint-Germain,Atletico Madrid,,,,,,,,,,,,,,
2025-06-15T22:24:01.148368,Sisal,paris-saint-germain-atletico-madrid,Paris Saint-Germain,Atletico Madrid,,,,,,,,,,,,,,
2025-06-15T22:24:11.455966,Sisal,paris-saint-germain-atletico-madrid,Paris Saint-Germain,Atletico Madrid,,,,,,,,,,,,,,
2025-06-15T22:24:21.764048,Sisal,paris-saint-germain-atletico-madrid,Paris Saint-Germain,Atletico Madrid,,,,,,,,,,,,,,
2025-06-15T22:24:32.039384,Sisal,paris-saint-germain-atletico-madrid,Paris Saint-Germain,Atletico Madrid,,,,,,,,,,,,,,
2025-06-15T22:24:42.322143,Sisal,paris-saint-germain-atletico-madrid,Paris Saint-Germain,Atletico Madrid,,,,,,,,,,,,,,
2025-06-15T22:24:52.904137,Sisal,paris-saint-germain-atletico-madrid,Paris Saint-Germain,Atletico Madrid,,,,,,,,,,,,,,
2025-06-15T22:25:03.206406,Sisal,paris-saint-germain-atletico-madrid,Paris Saint-Germain,Atletico Madrid,,,,,,,,,,,,,,
2025-06-15T22:25:13.459585,Sisal,paris-saint-germain-atletico-madrid,Paris Saint-Germain,Atletico Madrid,,,,,,,,,,,,,,
2025-06-15T22:25:23.743373,Sisal,paris-saint-germain-atletico-madrid,Paris Saint-Germain,Atletico Madrid,,,,,,,,,,,,,,
2025-06-15T22:25:34.135015,Sisal,paris-saint-germain-atletico-madrid,Paris Saint-Germain,Atletico Madrid,,,,,,,,,,,,,,
2025-06-15T22:25:44.446988,Sisal,paris-saint-germain-atletico-madrid,Paris Saint-Germain,Atletico Madrid,,,,,,,,,,,,,,
2025-06-15T22:25:54.704841,Sisal,paris-saint-germain-atletico-madrid,Paris Saint-Germain,Atletico Madrid,,,,,,,,,,,,,,
2025-06-15T22:26:05.008749,Sisal,paris-saint-germain-atletico-madrid,Paris Saint-Germain,Atletico Madrid,,,,,,,,,,,,,,
2025-06-15T22:26:15.294988,Sisal,paris-saint-germain-atletico-madrid,Paris Saint-Germain,Atletico Madrid,,,,,,,,,,,,,,
2025-06-15T22:26:25.669416,Sisal,paris-saint-germain-atletico-madrid,Paris Saint-Germain,Atletico Madrid,,,,,,,,,,,,,,
2025-06-15T22:26:35.959214,Sisal,paris-saint-germain-atletico-madrid,Paris Saint-Germain,Atletico Madrid,,,,,,,,,,,,,,
2025-06-15T22:26:46.731845,Sisal,paris-saint-germain-atletico-madrid,Paris Saint-Germain,Atletico Madrid,1.03,16.0,50.0,,10.81,,,,1.33,3.1,2.4,1.48,2.2,1.6
2025-06-15T22:26:57.151986,Sisal,paris-saint-germain-atletico-madrid,Paris Saint-Germain,Atletico Madrid,1.03,16.0,50.0,,10.81,,,,1.33,3.1,2.5,1.45,2.15,1.62
2025-06-15T22:27:07.551827,Sisal,paris-saint-germain-atletico-madrid,Paris Saint-Germain,Atletico Madrid,1.03,16.0,50.0,,10.81,,,,1.33,3.1,2.5,1.45,2.15,1.62
2025-06-15T22:27:17.994370,Sisal,paris-saint-germain-atletico-madrid,Paris Saint-Germain,Atletico Madrid,1.04,15.0,50.0,,10.34,,,,1.33,3.1,2.6,1.42,2.15,1.62
2025-06-15T22:27:28.442489,Sisal,paris-saint-germain-atletico-madrid,Paris Saint-Germain,Atletico Madrid,1.03,15.0,50.0,,10.34,,,,1.33,3.1,2.6,1.42,2.15,1.62
2025-06-15T22:27:38.979378,Sisal,paris-saint-germain-atletico-madrid,Paris Saint-Germain,Atletico Madrid,1.03,16.0,60.0,,11.21,,,,1.3,3.25,2.4,1.48,2.2,1.6
2025-06-15T22:27:49.389088,Sisal,paris-saint-germain-atletico-madrid,Paris Saint-Germain,Atletico Madrid,1.04,15.0,50.0,,10.34,,,,1.3,3.25,2.4,1.48,2.15,1.62
2025-06-15T22:27:59.817216,Sisal,paris-saint-germain-atletico-madrid,Paris Saint-Germain,Atletico Madrid,1.04,15.0,50.0,,10.34,,,,1.33,3.1,2.4,1.48,2.1,1.65
2025-06-15T22:28:10.253230,Sisal,paris-saint-germain-atletico-madrid,Paris Saint-Germain,Atletico Madrid,1.03,15.0,50.0,,10.34,,,,1.3,3.25,2.4,1.48,2.15,1.62
2025-06-15T22:28:20.702893,Sisal,paris-saint-germain-atletico-madrid,Paris Saint-Germain,Atletico Madrid,1.03,15.0,50.0,,10.34,,,,1.3,3.25,2.4,1.48,2.15,1.62
2025-06-15T22:28:31.134159,Sisal,paris-saint-germain-atletico-madrid,Paris Saint-Germain,Atletico Madrid,1.03,15.0,50.0,,10.34,,,,1.33,3.1,2.6,1.42,2.2,1.57
2025-06-15T22:28:42.909888,Sisal,paris-saint-germain-atletico-madrid,Paris Saint-Germain,Atletico Madrid,1.03,16.0,60.0,,11.21,,,,1.33,3.1,2.6,1.42,2.2,1.57
2025-06-15T22:28:53.390970,Sisal,paris-saint-germain-atletico-madrid,Paris Saint-Germain,Atletico Madrid,1.04,15.0,50.0,,10.34,,,,1.33,3.1,2.6,1.42,2.15,1.6
2025-06-15T22:29:03.818624,Sisal,paris-saint-germain-atletico-madrid,Paris Saint-Germain,Atletico Madrid,1.03,17.0,60.0,,11.69,,,,1.36,3.1,2.75,1.38,2.2,1.57
2025-06-15T22:29:14.240025,Sisal,paris-saint-germain-atletico-madrid,Paris Saint-Germain,Atletico Madrid,1.03,17.0,50.0,,11.25,,,,1.33,3.1,2.6,1.42,2.2,1.6
2025-06-15T22:29:24.683003,Sisal,paris-saint-germain-atletico-madrid,Paris Saint-Germain,Atletico Madrid,1.03,15.0,50.0,,10.34,,,,1.33,3.1,2.75,1.38,2.25,1.57
2025-06-15T22:29:35.114049,Sisal,paris-saint-germain-atletico-madrid,Paris Saint-Germain,Atletico Madrid,1.03,16.0,66.0,,11.4,,,,1.33,3.1,2.6,1.42,2.25,1.57
2025-06-15T22:29:45.547989,Sisal,paris-saint-germain-atletico-madrid,Paris Saint-Germain,Atletico Madrid,1.03,16.0,66.0,,11.4,,,,1.33,3.1,2.6,1.42,2.25,1.57
2025-06-15T22:29:55.968679,Sisal,paris-saint-germain-atletico-madrid,Paris Saint-Germain,Atletico Madrid,1.03,15.0,60.0,,10.71,,,,1.36,2.9,2.75,1.38,2.25,1.57
2025-06-15T22:30:06.432427,Sisal,paris-saint-germain-atletico-madrid,Paris Saint-Germain,Atletico Madrid,1.03,15.0,60.0,,10.71,,,,1.36,2.9,2.75,1.38,2.2,1.57
2025-06-15T22:30:16.900274,Sisal,paris-saint-germain-atletico-madrid,Paris Saint-Germain,Atletico Madrid,1.03,15.0,60.0,,10.71,,,,1.36,2.9,2.75,1.38,2.2,1.57
2025-06-15T22:30:27.352294,Sisal,paris-saint-germain-atletico-madrid,Paris Saint-Germain,Atletico Madrid,1.03,16.0,50.0,,10.81,,,,1.36,2.9,2.9,1.36,2.2,1.57
2025-06-15T22:30:37.760912,Sisal,paris-saint-germain-atletico-madrid,Paris Saint-Germain,Atletico Madrid,1.03,15.0,60.0,,10.71,,,,1.36,2.9,2.75,1.38,2.25,1.57
2025-06-15T22:30:48.174467,Sisal,paris-saint-germain-atletico-madrid,Paris Saint-Germain,Atletico Madrid,1.03,15.0,60.0,,10.71,,,,1.36,2.9,2.9,1.36,2.25,1.57
2025-06-15T22:30:58.624772,Sisal,paris-saint-germain-atletico-madrid,Paris Saint-Germain,Atletico Madrid,1.03,15.0,60.0,,10.71,,,,1.36,2.9,2.9,1.36,2.25,1.57
2025-06-15T22:31:09.310087,Sisal,paris-saint-germain-atletico-madrid,Paris Saint-Germain,Atletico Madrid,1.03,15.0,60.0,,10.71,,,,1.36,2.9,2.9,1.36,2.25,1.57
2025-06-15T22:31:19.714115,Sisal,paris-saint-germain-atletico-madrid,Paris Saint-Germain,Atletico Madrid,1.03,16.0,60.0,,11.21,,,,1.36,2.9,2.9,1.36,2.35,1.52
2025-06-15T22:31:30.141117,Sisal,paris-saint-germain-atletico-madrid,Paris Saint-Germain,Atletico Madrid,1.03,16.0,60.0,,11.21,,,,1.4,2.75,2.9,1.36,2.3,1.52
2025-06-15T22:31:40.585073,Sisal,paris-saint-germain-atletico-madrid,Paris Saint-Germain,Atletico Madrid,1.03,17.0,50.0,,11.21,,,,1.4,2.75,2.9,1.36,2.3,1.52
2025-06-15T22:31:51.006784,Sisal,paris-saint-germain-atletico-madrid,Paris Saint-Germain,Atletico Madrid,1.03,17.0,50.0,,11.25,,,,1.4,2.75,3.0,1.33,2.35,1.52
2025-06-15T22:32:01.432624,Sisal,paris-saint-germain-atletico-madrid,Paris Saint-Germain,Atletico Madrid,1.03,17.0,66.0,,11.9,,,,1.4,2.75,3.0,1.33,2.35,1.52
2025-06-15T22:32:11.879281,Sisal,paris-saint-germain-atletico-madrid,Paris Saint-Germain,Atletico Madrid,1.03,16.0,60.0,,11.21,,,,1.4,2.75,3.0,1.33,2.3,1.52
2025-06-15T22:32:22.153249,Sisal,paris-saint-germain-atletico-madrid,Paris Saint-Germain,Atletico Madrid,1.03,16.0,60.0,,11.21,,,,1.4,2.75,3.0,1.33,2.3,1.52
2025-06-15T22:32:32.356250,Sisal,paris-saint-germain-atletico-madrid,Paris Saint-Germain,Atletico Madrid,1.03,16.0,50.0,,10.81,,,,1.4,2.75,2.9,1.36,2.25,1.57
2025-06-15T22:32:42.531576,Sisal,paris-saint-germain-atletico-madrid,Paris Saint-Germain,Atletico Madrid,1.03,16.0,50.0,,10.81,,,,1.4,2.75,2.9,1.36,2.25,1.57
2025-06-15T22:32:52.884567,Sisal,paris-saint-germain-atletico-madrid,Paris Saint-Germain,Atletico Madrid,1.03,16.0,50.0,,10.81,,,,1.4,2.75,2.9,1.36,2.25,1.57
2025-06-15T22:33:03.258116,Sisal,paris-saint-germain-atletico-madrid,Paris Saint-Germain,Atletico Madrid,1.03,16.0,50.0,,10.81,,,,1.4,2.75,2.9,1.36,2.25,1.57
2025-06-15T22:33:13.598218,Sisal,paris-saint-germain-atletico-madrid,Paris Saint-Germain,Atletico Madrid,1.03,16.0,50.0,,10.81,,,,1.4,2.75,2.9,1.36,2.25,1.57
2025-06-15T22:33:23.955705,Sisal,paris-saint-germain-atletico-madrid,Paris Saint-Germain,Atletico Madrid,1.03,16.0,50.0,,10.81,,,,1.4,2.75,2.9,1.36,2.25,1.57
2025-06-15T22:33:34.462210,Sisal,paris-saint-germain-atletico-madrid,Paris Saint-Germain,Atletico Madrid,1.03,17.0,66.0,,11.9,,,,1.45,2.6,3.0,1.33,2.2,1.57
2025-06-15T22:33:44.824316,Sisal,paris-saint-germain-atletico-madrid,Paris Saint-Germain,Atletico Madrid,1.03,15.0,66.0,,10.89,,,,1.4,2.75,3.0,1.33,2.2,1.57
2025-06-15T22:33:55.175940,Sisal,paris-saint-germain-atletico-madrid,Paris Saint-Germain,Atletico Madrid,1.03,15.0,66.0,,10.89,,,,1.4,2.75,3.0,1.33,2.2,1.57
2025-06-15T22:34:05.529203,Sisal,paris-saint-germain-atletico-madrid,Paris Saint-Germain,Atletico Madrid,1.03,15.0,66.0,,10.89,,,,1.4,2.75,3.0,1.33,2.2,1.57
2025-06-15T22:34:15.904787,Sisal,paris-saint-germain-atletico-madrid,Paris Saint-Germain,Atletico Madrid,1.03,15.0,66.0,,10.89,,,,1.4,2.75,3.0,1.33,2.2,1.57
2025-06-15T22:34:26.279088,Sisal,paris-saint-germain-atletico-madrid,Paris Saint-Germain,Atletico Madrid,1.03,15.0,66.0,,10.89,,,,1.4,2.75,3.0,1.33,2.2,1.57
2025-06-15T22:34:36.649040,Sisal,paris-saint-germain-atletico-madrid,Paris Saint-Germain,Atletico Madrid,1.03,15.0,66.0,,10.89,,,,1.4,2.75,3.0,1.33,2.2,1.57
2025-06-15T22:34:47.010968,Sisal,paris-saint-germain-atletico-madrid,Paris Saint-Germain,Atletico Madrid,1.03,17.0,60.0,,11.69,,,,1.48,2.5,3.1,1.3,2.3,1.52
2025-06-15T22:34:57.412017,Sisal,paris-saint-germain-atletico-madrid,Paris Saint-Germain,Atletico Madrid,1.03,17.0,60.0,,11.69,,,,1.48,2.5,3.1,1.3,2.3,1.52
2025-06-15T22:35:07.769498,Sisal,paris-saint-germain-atletico-madrid,Paris Saint-Germain,Atletico Madrid,1.03,17.0,60.0,,11.69,,,,1.48,2.5,3.1,1.3,2.3,1.52
2025-06-15T22:35:18.141363,Sisal,paris-saint-germain-atletico-madrid,Paris Saint-Germain,Atletico Madrid,1.03,17.0,60.0,,11.69,,,,1.48,2.5,3.1,1.3,2.5,1.45
2025-06-15T22:35:28.531809,Sisal,paris-saint-germain-atletico-madrid,Paris Saint-Germain,Atletico Madrid,1.03,18.0,60.0,,12.16,,,,1.48,2.5,3.25,1.27,2.5,1.45
2025-06-15T22:35:38.933518,Sisal,paris-saint-germain-atletico-madrid,Paris Saint-Germain,Atletico Madrid,1.02,18.0,75.0,,12.67,,,,1.48,2.5,3.25,1.27,2.45,1.48
2025-06-15T22:35:49.273643,Sisal,paris-saint-germain-atletico-madrid,Paris Saint-Germain,Atletico Madrid,1.02,18.0,75.0,,12.67,,,,1.48,2.5,3.25,1.27,2.45,1.48
2025-06-15T22:36:00.062910,Sisal,paris-saint-germain-atletico-madrid,Paris Saint-Germain,Atletico Madrid,1.02,18.0,75.0,,12.67,,,,1.52,2.4,3.5,1.25,2.45,1.48
2025-06-15T22:36:10.458236,Sisal,paris-saint-germain-atletico-madrid,Paris Saint-Germain,Atletico Madrid,1.02,18.0,75.0,,12.67,,,,1.52,2.4,3.5,1.25,2.45,1.48
2025-06-15T22:36:20.878357,Sisal,paris-saint-germain-atletico-madrid,Paris Saint-Germain,Atletico Madrid,1.02,18.0,75.0,,12.67,,,,1.52,2.4,3.5,1.25,2.45,1.48
2025-06-15T22:36:31.229981,Sisal,paris-saint-germain-atletico-madrid,Paris Saint-Germain,Atletico Madrid,1.02,18.0,75.0,,12.67,,,,1.52,2.4,3.5,1.25,2.45,1.48
2025-06-15T22:36:41.551454,Sisal,paris-saint-germain-atletico-madrid,Paris Saint-Germain,Atletico Madrid,1.02,18.0,75.0,,12.67,,,,1.52,2.4,3.5,1.25,2.45,1.48
2025-06-15T22:36:51.928966,Sisal,paris-saint-germain-atletico-madrid,Paris Saint-Germain,Atletico Madrid,1.02,18.0,75.0,,12.67,,,,1.52,2.4,3.5,1.25,2.45,1.48
2025-06-15T22:37:02.309740,Sisal,paris-saint-germain-atletico-madrid,Paris Saint-Germain,Atletico Madrid,1.03,17.0,75.0,,12.17,,,,1.52,2.4,3.5,1.25,2.5,1.47
2025-06-15T22:37:12.683786,Sisal,paris-saint-germain-atletico-madrid,Paris Saint-Germain,Atletico Madrid,1.03,17.0,75.0,,12.17,,,,1.52,2.4,3.5,1.25,2.5,1.47
2025-06-15T22:37:23.054477,Sisal,paris-saint-germain-atletico-madrid,Paris Saint-Germain,Atletico Madrid,1.02,18.0,90.0,,13.04,,,,1.57,2.25,3.6,1.22,2.5,1.47
2025-06-15T22:37:33.410997,Sisal,paris-saint-germain-atletico-madrid,Paris Saint-Germain,Atletico Madrid,1.02,18.0,90.0,,13.04,,,,1.57,2.25,3.6,1.22,2.5,1.47
2025-06-15T22:37:43.745456,Sisal,paris-saint-germain-atletico-madrid,Paris Saint-Germain,Atletico Madrid,1.02,19.0,66.0,,12.85,,,,1.6,2.2,3.75,1.2,2.6,1.42
2025-06-15T22:37:54.418061,Sisal,paris-saint-germain-atletico-madrid,Paris Saint-Germain,Atletico Madrid,1.02,19.0,90.0,,13.56,,,,1.57,2.25,3.75,1.2,2.6,1.44
2025-06-15T22:38:04.777176,Sisal,paris-saint-germain-atletico-madrid,Paris Saint-Germain,Atletico Madrid,1.02,19.0,90.0,,13.56,,,,1.57,2.25,3.75,1.2,2.6,1.44
2025-06-15T22:38:15.108566,Sisal,paris-saint-germain-atletico-madrid,Paris Saint-Germain,Atletico Madrid,1.02,19.0,75.0,,13.16,,,,1.6,2.2,3.75,1.2,2.6,1.44
2025-06-15T22:38:25.437295,Sisal,paris-saint-germain-atletico-madrid,Paris Saint-Germain,Atletico Madrid,1.02,19.0,100.0,,13.76,,,,1.6,2.2,3.75,1.2,2.6,1.44
2025-06-15T22:38:35.773919,Sisal,paris-saint-germain-atletico-madrid,Paris Saint-Germain,Atletico Madrid,1.02,19.0,75.0,,13.16,,,,1.6,2.2,3.75,1.2,2.6,1.44
2025-06-15T22:38:46.051671,Sisal,paris-saint-germain-atletico-madrid,Paris Saint-Germain,Atletico Madrid,1.02,19.0,75.0,,13.16,,,,1.6,2.2,3.75,1.2,2.6,1.44
2025-06-15T22:38:56.281132,Sisal,paris-saint-germain-atletico-madrid,Paris Saint-Germain,Atletico Madrid,1.02,19.0,75.0,,13.16,,,,1.6,2.2,3.75,1.2,2.6,1.44
2025-06-15T22:39:06.663027,Sisal,paris-saint-germain-atletico-madrid,Paris Saint-Germain,Atletico Madrid,1.02,19.0,75.0,,13.16,,,,1.6,2.2,3.75,1.2,2.6,1.44
2025-06-15T22:39:17.638286,Sisal,paris-saint-germain-atletico-madrid,Paris Saint-Germain,Atletico Madrid,1.02,19.0,75.0,,13.16,,,,1.6,2.2,3.75,1.2,2.6,1.44
2025-06-15T22:39:28.098841,Sisal,paris-saint-germain-atletico-madrid,Paris Saint-Germain,Atletico Madrid,1.02,20.0,90.0,,14.06,,,,1.6,2.2,4.0,1.18,2.6,1.44
2025-06-15T22:39:38.494646,Sisal,paris-saint-germain-atletico-madrid,Paris Saint-Germain,Atletico Madrid,1.02,20.0,90.0,,14.06,,,,1.6,2.2,4.0,1.18,2.6,1.44
2025-06-15T22:39:48.854620,Sisal,paris-saint-germain-atletico-madrid,Paris Saint-Germain,Atletico Madrid,1.02,20.0,90.0,,14.06,,,,1.6,2.2,4.0,1.18,2.6,1.44
2025-06-15T22:39:59.249731,Sisal,paris-saint-germain-atletico-madrid,Paris Saint-Germain,Atletico Madrid,1.02,20.0,90.0,,14.06,,,,1.6,2.2,4.0,1.18,2.6,1.44
2025-06-15T22:40:09.652582,Sisal,paris-saint-germain-atletico-madrid,Paris Saint-Germain,Atletico Madrid,1.02,22.0,100.0,,15.27,,,,1.65,2.1,4.0,1.18,2.8,1.38
2025-06-15T22:40:20.085227,Sisal,paris-saint-germain-atletico-madrid,Paris Saint-Germain,Atletico Madrid,1.02,20.0,100.0,,14.28,,,,1.6,2.2,4.0,1.18,2.75,1.38
2025-06-15T22:40:30.668968,Sisal,paris-saint-germain-atletico-madrid,Paris Saint-Germain,Atletico Madrid,1.02,20.0,100.0,,14.28,,,,1.6,2.2,4.0,1.18,2.75,1.38
2025-06-15T22:40:41.076271,Sisal,paris-saint-germain-atletico-madrid,Paris Saint-Germain,Atletico Madrid,1.02,20.0,100.0,,14.28,,,,1.6,2.2,4.0,1.18,2.75,1.38
2025-06-15T22:40:51.548015,Sisal,paris-saint-germain-atletico-madrid,Paris Saint-Germain,Atletico Madrid,1.02,20.0,90.0,,14.06,,,,1.65,2.1,4.0,1.18,2.75,1.38
2025-06-15T22:41:01.941118,Sisal,paris-saint-germain-atletico-madrid,Paris Saint-Germain,Atletico Madrid,1.02,20.0,90.0,,14.06,,,,1.65,2.1,4.0,1.18,2.8,1.36
2025-06-15T22:41:12.332177,Sisal,paris-saint-germain-atletico-madrid,Paris Saint-Germain,Atletico Madrid,1.02,22.0,100.0,,15.27,,,,1.72,2.0,4.5,1.14,2.8,1.36
2025-06-15T22:41:22.718127,Sisal,paris-saint-germain-atletico-madrid,Paris Saint-Germain,Atletico Madrid,1.02,20.0,100.0,,14.28,,,,1.75,1.95,4.75,1.14,2.8,1.38
2025-06-15T22:41:33.079458,Sisal,paris-saint-germain-atletico-madrid,Paris Saint-Germain,Atletico Madrid,1.02,22.0,75.0,,14.53,,,,1.75,1.95,4.5,1.15,2.8,1.38
2025-06-15T22:41:43.420240,Sisal,paris-saint-germain-atletico-madrid,Paris Saint-Germain,Atletico Madrid,1.02,22.0,75.0,,14.53,,,,1.75,1.95,4.5,1.15,2.8,1.38
2025-06-15T22:41:55.093049,Sisal,paris-saint-germain-atletico-madrid,Paris Saint-Germain,Atletico Madrid,1.02,22.0,125.0,,15.75,,,,1.72,2.0,4.5,1.15,2.8,1.38
2025-06-15T22:42:05.486996,Sisal,paris-saint-germain-atletico-madrid,Paris Saint-Germain,Atletico Madrid,1.02,19.0,90.0,,13.56,,,,1.72,2.0,4.25,1.16,2.7,1.4
2025-06-15T22:42:15.879404,Sisal,paris-saint-germain-atletico-madrid,Paris Saint-Germain,Atletico Madrid,1.02,20.0,120.0,,14.63,,,,1.72,2.0,4.5,1.15,2.75,1.38
2025-06-15T22:42:26.252883,Sisal,paris-saint-germain-atletico-madrid,Paris Saint-Germain,Atletico Madrid,1.02,20.0,120.0,,14.63,,,,1.72,2.0,4.5,1.15,2.75,1.38
2025-06-15T22:42:36.721567,Sisal,paris-saint-germain-atletico-madrid,Paris Saint-Germain,Atletico Madrid,1.02,20.0,120.0,,14.63,,,,1.72,2.0,4.5,1.15,2.75,1.38
2025-06-15T22:42:47.114747,Sisal,paris-saint-germain-atletico-madrid,Paris Saint-Germain,Atletico Madrid,1.02,20.0,120.0,,14.63,,,,1.75,1.95,4.5,1.15,2.8,1.36
2025-06-15T22:42:57.508278,Sisal,paris-saint-germain-atletico-madrid,Paris Saint-Germain,Atletico Madrid,1.02,20.0,100.0,,14.28,,,,1.75,1.95,4.5,1.15,2.75,1.38
2025-06-15T22:43:07.818147,Sisal,paris-saint-germain-atletico-madrid,Paris Saint-Germain,Atletico Madrid,1.02,20.0,100.0,,14.28,,,,1.75,1.95,4.5,1.15,2.75,1.38
2025-06-15T22:43:18.501263,Sisal,paris-saint-germain-atletico-madrid,Paris Saint-Germain,Atletico Madrid,1.01,22.0,125.0,,15.75,,,,1.8,1.9,4.75,1.14,3.0,1.33
2025-06-15T22:43:28.817157,Sisal,paris-saint-germain-atletico-madrid,Paris Saint-Germain,Atletico Madrid,1.01,22.0,125.0,,15.75,,,,1.8,1.9,4.75,1.14,3.0,1.33
2025-06-15T22:43:39.207676,Sisal,paris-saint-germain-atletico-madrid,Paris Saint-Germain,Atletico Madrid,1.01,25.0,125.0,,17.24,,,,1.8,1.9,5.0,1.12,3.1,1.3
2025-06-15T22:43:49.581177,Sisal,paris-saint-germain-atletico-madrid,Paris Saint-Germain,Atletico Madrid,1.01,25.0,125.0,,17.24,,,,1.8,1.9,5.0,1.12,3.1,1.3
2025-06-15T22:43:59.945722,Sisal,paris-saint-germain-atletico-madrid,Paris Saint-Germain,Atletico Madrid,1.01,25.0,120.0,,17.14,,,,1.8,1.9,5.0,1.12,3.2,1.3
2025-06-15T22:44:10.304006,Sisal,paris-saint-germain-atletico-madrid,Paris Saint-Germain,Atletico Madrid,1.01,25.0,120.0,,17.14,,,,1.8,1.9,5.0,1.12,3.2,1.3
2025-06-15T22:44:20.684358,Sisal,paris-saint-germain-atletico-madrid,Paris Saint-Germain,Atletico Madrid,1.01,25.0,100.0,,16.66,,,,1.8,1.9,5.0,1.12,3.2,1.3
2025-06-15T22:44:31.029835,Sisal,paris-saint-germain-atletico-madrid,Paris Saint-Germain,Atletico Madrid,1.01,25.0,150.0,,17.64,,,,1.85,1.85,5.0,1.12,3.2,1.3
2025-06-15T22:44:41.401619,Sisal,paris-saint-germain-atletico-madrid,Paris Saint-Germain,Atletico Madrid,1.01,25.0,150.0,,17.64,,,,1.85,1.85,5.0,1.12,3.2,1.3
2025-06-15T22:44:51.777121,Sisal,paris-saint-germain-atletico-madrid,Paris Saint-Germain,Atletico Madrid,1.01,25.0,150.0,,17.64,,,,1.85,1.85,5.0,1.12,3.2,1.3
2025-06-15T22:45:02.177647,Sisal,paris-saint-germain-atletico-madrid,Paris Saint-Germain,Atletico Madrid,1.01,25.0,150.0,,17.64,,,,1.85,1.85,5.0,1.12,3.2,1.3
2025-06-15T22:45:12.526099,Sisal,paris-saint-germain-atletico-madrid,Paris Saint-Germain,Atletico Madrid,1.01,25.0,150.0,,17.64,,,,1.85,1.85,5.0,1.12,3.2,1.3
2025-06-15T22:45:22.900942,Sisal,paris-saint-germain-atletico-madrid,Paris Saint-Germain,Atletico Madrid,1.01,25.0,150.0,,17.64,,,,1.85,1.85,5.0,1.12,3.2,1.3
2025-06-15T22:45:33.275821,Sisal,paris-saint-germain-atletico-madrid,Paris Saint-Germain,Atletico Madrid,1.01,25.0,150.0,,17.64,,,,1.85,1.85,5.0,1.12,3.2,1.3
2025-06-15T22:45:43.637102,Sisal,paris-saint-germain-atletico-madrid,Paris Saint-Germain,Atletico Madrid,1.01,25.0,150.0,,17.64,,,,1.85,1.85,5.0,1.12,3.2,1.3
2025-06-15T22:45:54.023886,Sisal,paris-saint-germain-atletico-madrid,Paris Saint-Germain,Atletico Madrid,1.01,25.0,150.0,,17.64,,,,1.85,1.85,5.0,1.12,3.2,1.3
2025-06-15T22:46:04.433928,Sisal,paris-saint-germain-atletico-madrid,Paris Saint-Germain,Atletico Madrid,1.01,25.0,150.0,,17.64,,,,1.85,1.85,5.0,1.12,3.2,1.3
2025-06-15T22:46:14.901184,Sisal,paris-saint-germain-atletico-madrid,Paris Saint-Germain,Atletico Madrid,1.01,25.0,150.0,,17.64,,,,1.85,1.85,5.0,1.12,3.2,1.3
2025-06-15T22:46:25.244583,Sisal,paris-saint-germain-atletico-madrid,Paris Saint-Germain,Atletico Madrid,1.01,25.0,150.0,,17.64,,,,1.85,1.85,5.0,1.12,3.2,1.3
2025-06-15T22:46:35.619643,Sisal,paris-saint-germain-atletico-madrid,Paris Saint-Germain,Atletico Madrid,1.01,25.0,150.0,,17.64,,,,1.85,1.85,5.0,1.12,3.2,1.3
2025-06-15T22:46:45.968746,Sisal,paris-saint-germain-atletico-madrid,Paris Saint-Germain,Atletico Madrid,1.01,25.0,150.0,,17.64,,,,1.85,1.85,5.0,1.12,3.2,1.3
2025-06-15T22:46:56.343864,Sisal,paris-saint-germain-atletico-madrid,Paris Saint-Germain,Atletico Madrid,1.01,25.0,150.0,,17.64,,,,1.85,1.85,5.0,1.12,3.2,1.3
2025-06-15T22:47:06.687923,Sisal,paris-saint-germain-atletico-madrid,Paris Saint-Germain,Atletico Madrid,,50.0,501.0,,31.25,,,,1.9,1.8,6.0,1.08,4.75,1.15
2025-06-15T22:47:17.046377,Sisal,paris-saint-germain-atletico-madrid,Paris Saint-Germain,Atletico Madrid,,50.0,501.0,,31.25,,,,1.9,1.8,6.0,1.08,4.75,1.15
2025-06-15T22:47:27.407950,Sisal,paris-saint-germain-atletico-madrid,Paris Saint-Germain,Atletico Madrid,,50.0,501.0,,31.25,,,,2.0,1.72,6.0,1.08,5.0,1.14
2025-06-15T22:47:37.740098,Sisal,paris-saint-germain-atletico-madrid,Paris Saint-Germain,Atletico Madrid,,50.0,501.0,,31.25,,,,2.0,1.72,6.0,1.08,5.0,1.14
2025-06-15T22:47:48.098961,Sisal,paris-saint-germain-atletico-madrid,Paris Saint-Germain,Atletico Madrid,,50.0,501.0,,31.25,,,,2.0,1.72,6.0,1.08,5.0,1.14
2025-06-15T22:47:58.584787,Sisal,paris-saint-germain-atletico-madrid,Paris Saint-Germain,Atletico Madrid,,50.0,501.0,,31.25,,,,2.0,1.72,6.0,1.08,5.0,1.14
2025-06-15T22:48:08.941653,Sisal,paris-saint-germain-atletico-madrid,Paris Saint-Germain,Atletico Madrid,,50.0,501.0,,31.25,,,,2.0,1.72,6.0,1.08,5.0,1.14
2025-06-15T22:48:19.307984,Sisal,paris-saint-germain-atletico-madrid,Paris Saint-Germain,Atletico Madrid,,50.0,501.0,,31.25,,,,2.0,1.72,6.0,1.08,5.0,1.14
2025-06-15T22:48:29.664917,Sisal,paris-saint-germain-atletico-madrid,Paris Saint-Germain,Atletico Madrid,,60.0,501.0,,34.88,,,,2.0,1.72,6.5,1.07,5.5,1.11
2025-06-15T22:48:40.090805,Sisal,paris-saint-germain-atletico-madrid,Paris Saint-Germain,Atletico Madrid,,66.0,501.0,,36.83,,,,2.1,1.65,6.5,1.07,5.5,1.11
2025-06-15T22:48:50.459420,Sisal,paris-saint-germain-atletico-madrid,Paris Saint-Germain,Atletico Madrid,,66.0,501.0,,36.83,,,,2.1,1.65,6.5,1.07,5.5,1.11
2025-06-15T22:49:00.833248,Sisal,paris-saint-germain-atletico-madrid,Paris Saint-Germain,Atletico Madrid,,60.0,501.0,,34.88,,,,2.1,1.65,7.0,1.07,5.75,1.11
2025-06-15T22:49:11.260282,Sisal,paris-saint-germain-atletico-madrid,Paris Saint-Germain,Atletico Madrid,,60.0,501.0,,34.88,,,,2.1,1.65,7.0,1.07,5.75,1.11
2025-06-15T22:49:21.675104,Sisal,paris-saint-germain-atletico-madrid,Paris Saint-Germain,Atletico Madrid,,60.0,501.0,,34.88,,,,2.1,1.65,7.0,1.07,5.75,1.11
2025-06-15T22:49:31.991661,Sisal,paris-saint-germain-atletico-madrid,Paris Saint-Germain,Atletico Madrid,,60.0,501.0,,34.88,,,,2.1,1.65,7.0,1.07,5.75,1.11
2025-06-15T22:49:42.541928,Sisal,paris-saint-germain-atletico-madrid,Paris Saint-Germain,Atletico Madrid,,60.0,501.0,,34.88,,,,2.1,1.65,7.0,1.07,5.75,1.11
2025-06-15T22:49:52.897768,Sisal,paris-saint-germain-atletico-madrid,Paris Saint-Germain,Atletico Madrid,,60.0,501.0,,34.88,,,,2.1,1.65,7.0,1.07,5.75,1.11
2025-06-15T22:50:03.265259,Sisal,paris-saint-germain-atletico-madrid,Paris Saint-Germain,Atletico Madrid,,75.0,501.0,,39.47,,,,2.25,1.57,7.5,1.05,6.0,1.1
2025-06-15T22:50:13.643288,Sisal,paris-saint-germain-atletico-madrid,Paris Saint-Germain,Atletico Madrid,,75.0,400.0,,38.7,,,,2.2,1.6,7.5,1.05,6.0,1.1
2025-06-15T22:50:24.004155,Sisal,paris-saint-germain-atletico-madrid,Paris Saint-Germain,Atletico Madrid,,75.0,400.0,,38.7,,,,2.2,1.6,7.5,1.05,6.0,1.1
2025-06-15T22:50:34.314052,Sisal,paris-saint-germain-atletico-madrid,Paris Saint-Germain,Atletico Madrid,,75.0,400.0,,38.7,,,,2.2,1.6,7.5,1.05,6.0,1.1
2025-06-15T22:50:44.661722,Sisal,paris-saint-germain-atletico-madrid,Paris Saint-Germain,Atletico Madrid,,75.0,400.0,,38.7,,,,2.2,1.6,7.5,1.05,6.0,1.1
2025-06-15T22:50:55.024606,Sisal,paris-saint-germain-atletico-madrid,Paris Saint-Germain,Atletico Madrid,,75.0,400.0,,38.7,,,,2.2,1.6,7.5,1.05,6.0,1.1
2025-06-15T22:51:05.378508,Sisal,paris-saint-germain-atletico-madrid,Paris Saint-Germain,Atletico Madrid,,75.0,501.0,,38.7,,,,2.25,1.57,7.5,1.05,6.0,1.1
2025-06-15T22:51:15.744357,Sisal,paris-saint-germain-atletico-madrid,Paris Saint-Germain,Atletico Madrid,,75.0,501.0,,39.47,,,,2.25,1.57,8.0,1.04,6.0,1.09
2025-06-15T22:51:26.099627,Sisal,paris-saint-germain-atletico-madrid,Paris Saint-Germain,Atletico Madrid,,75.0,501.0,,39.47,,,,2.25,1.57,8.0,1.04,6.0,1.09
2025-06-15T22:51:36.412918,Sisal,paris-saint-germain-atletico-madrid,Paris Saint-Germain,Atletico Madrid,,75.0,501.0,,39.47,,,,2.25,1.57,8.0,1.04,6.0,1.09
2025-06-15T22:51:46.888821,Sisal,paris-saint-germain-atletico-madrid,Paris Saint-Germain,Atletico Madrid,,75.0,501.0,,39.47,,,,2.25,1.57,8.0,1.04,6.0,1.09
2025-06-15T22:51:57.284509,Sisal,paris-saint-germain-atletico-madrid,Paris Saint-Germain,Atletico Madrid,,75.0,501.0,,39.47,,,,2.25,1.57,8.0,1.04,6.0,1.09
2025-06-15T22:52:07.654025,Sisal,paris-saint-germain-atletico-madrid,Paris Saint-Germain,Atletico Madrid,,125.0,501.0,,50.0,,,,2.4,1.52,9.0,1.03,6.5,1.08
2025-06-15T22:52:18.075713,Sisal,paris-saint-germain-atletico-madrid,Paris Saint-Germain,Atletico Madrid,,125.0,501.0,,50.0,,,,2.4,1.52,9.0,1.03,6.5,1.08
2025-06-15T22:52:28.435138,Sisal,paris-saint-germain-atletico-madrid,Paris Saint-Germain,Atletico Madrid,,125.0,501.0,,50.0,,,,2.4,1.52,9.0,1.03,6.5,1.08
2025-06-15T22:52:38.805735,Sisal,paris-saint-germain-atletico-madrid,Paris Saint-Germain,Atletico Madrid,,125.0,501.0,,50.0,,,,2.4,1.52,9.0,1.03,6.5,1.08
2025-06-15T22:52:49.226532,Sisal,paris-saint-germain-atletico-madrid,Paris Saint-Germain,Atletico Madrid,,125.0,501.0,,50.0,,,,2.4,1.52,9.0,1.03,6.5,1.08
2025-06-15T22:52:59.539244,Sisal,paris-saint-germain-atletico-madrid,Paris Saint-Germain,Atletico Madrid,,,,,,,,,,,,,,
2025-06-15T22:53:09.791953,Sisal,paris-saint-germain-atletico-madrid,Paris Saint-Germain,Atletico Madrid,,,,,,,,,,,,,,
2025-06-15T22:53:21.018972,Sisal,paris-saint-germain-atletico-madrid,Paris Saint-Germain,Atletico Madrid,,,,,,,,,,,,,,
2025-06-15T22:53:31.274963,Sisal,paris-saint-germain-atletico-madrid,Paris Saint-Germain,Atletico Madrid,,,,,,,,,,,,,,
2025-06-15T22:53:41.538507,Sisal,paris-saint-germain-atletico-madrid,Paris Saint-Germain,Atletico Madrid,,,,,,,,,,,,,,
2025-06-15T22:53:51.775687,Sisal,paris-saint-germain-atletico-madrid,Paris Saint-Germain,Atletico Madrid,,,,,,,,,,,,,,
2025-06-15T22:54:02.148312,Sisal,paris-saint-germain-atletico-madrid,Paris Saint-Germain,Atletico Madrid,,501.0,400.0,,68.98,,,,12.0,,2.9,1.36,8.0,1.05
2025-06-15T22:54:12.618713,Sisal,paris-saint-germain-atletico-madrid,Paris Saint-Germain,Atletico Madrid,,400.0,400.0,,66.66,,,,11.0,,2.9,1.36,8.0,1.05
2025-06-15T22:54:23.097703,Sisal,paris-saint-germain-atletico-madrid,Paris Saint-Germain,Atletico Madrid,,400.0,400.0,,66.66,,,,11.0,,2.9,1.36,8.0,1.05
2025-06-15T22:54:33.486473,Sisal,paris-saint-germain-atletico-madrid,Paris Saint-Germain,Atletico Madrid,,400.0,400.0,,66.66,,,,11.0,,2.9,1.36,8.0,1.05
2025-06-15T22:54:43.908930,Sisal,paris-saint-germain-atletico-madrid,Paris Saint-Germain,Atletico Madrid,,400.0,400.0,,66.66,,,,12.0,,2.9,1.36,8.0,1.05
2025-06-15T22:54:54.279414,Sisal,paris-saint-germain-atletico-madrid,Paris Saint-Germain,Atletico Madrid,,400.0,400.0,,66.66,,,,12.0,,2.9,1.36,8.0,1.05
2025-06-15T22:55:04.676361,Sisal,paris-saint-germain-atletico-madrid,Paris Saint-Germain,Atletico Madrid,,400.0,400.0,,66.66,,,,12.0,,2.9,1.36,8.0,1.05
2025-06-15T22:55:15.086289,Sisal,paris-saint-germain-atletico-madrid,Paris Saint-Germain,Atletico Madrid,,400.0,400.0,,66.66,,,,12.0,,2.9,1.36,8.0,1.05
2025-06-15T22:55:25.426762,Sisal,paris-saint-germain-atletico-madrid,Paris Saint-Germain,Atletico Madrid,,400.0,400.0,,66.66,,,,12.0,,2.9,1.36,8.0,1.05
2025-06-15T22:55:35.777870,Sisal,paris-saint-germain-atletico-madrid,Paris Saint-Germain,Atletico Madrid,,400.0,400.0,,66.66,,,,12.0,,2.9,1.36,8.0,1.05
2025-06-15T22:55:46.227531,Sisal,paris-saint-germain-atletico-madrid,Paris Saint-Germain,Atletico Madrid,,400.0,400.0,,66.66,,,,15.0,,3.1,1.3,9.0,1.04
2025-06-15T22:55:56.394997,Sisal,paris-saint-germain-atletico-madrid,Paris Saint-Germain,Atletico Madrid,,400.0,400.0,,66.66,,,,15.0,,3.1,1.3,9.0,1.04
2025-06-15T22:56:06.723934,Sisal,paris-saint-germain-atletico-madrid,Paris Saint-Germain,Atletico Madrid,,400.0,400.0,,66.66,,,,15.0,,3.1,1.3,9.0,1.04
2025-06-15T22:56:17.080510,Sisal,paris-saint-germain-atletico-madrid,Paris Saint-Germain,Atletico Madrid,,400.0,400.0,,66.66,,,,15.0,,3.1,1.3,9.0,1.04
2025-06-15T22:56:27.423741,Sisal,paris-saint-germain-atletico-madrid,Paris Saint-Germain,Atletico Madrid,,400.0,400.0,,66.66,,,,16.0,,3.5,1.25,10.0,1.03
2025-06-15T22:56:37.808612,Sisal,paris-saint-germain-atletico-madrid,Paris Saint-Germain,Atletico Madrid,,400.0,400.0,,66.66,,,,16.0,,3.5,1.25,10.0,1.03
2025-06-15T22:56:48.184132,Sisal,paris-saint-germain-atletico-madrid,Paris Saint-Germain,Atletico Madrid,,501.0,400.0,,68.98,,,,16.0,,3.5,1.25,10.0,1.03
2025-06-15T22:56:58.561017,Sisal,paris-saint-germain-atletico-madrid,Paris Saint-Germain,Atletico Madrid,,400.0,400.0,,66.66,,,,25.0,,4.0,1.18,11.0,1.02
2025-06-15T22:57:08.910174,Sisal,paris-saint-germain-atletico-madrid,Paris Saint-Germain,Atletico Madrid,,400.0,400.0,,66.66,,,,25.0,,4.0,1.18,11.0,1.02
2025-06-15T22:57:19.229981,Sisal,paris-saint-germain-atletico-madrid,Paris Saint-Germain,Atletico Madrid,,400.0,400.0,,66.66,,,,25.0,,4.0,1.18,12.0,1.02
2025-06-15T22:57:29.606714,Sisal,paris-saint-germain-atletico-madrid,Paris Saint-Germain,Atletico Madrid,,400.0,400.0,,66.66,,,,33.0,,4.5,1.15,13.0,1.01
2025-06-15T22:57:39.956159,Sisal,paris-saint-germain-atletico-madrid,Paris Saint-Germain,Atletico Madrid,,400.0,400.0,,66.66,,,,33.0,,4.5,1.15,13.0,1.01
2025-06-15T22:57:50.517811,Sisal,paris-saint-germain-atletico-madrid,Paris Saint-Germain,Atletico Madrid,,400.0,400.0,,66.66,,,,33.0,,4.75,1.14,12.0,1.01
2025-06-15T22:58:00.849567,Sisal,paris-saint-germain-atletico-madrid,Paris Saint-Germain,Atletico Madrid,,400.0,400.0,,66.66,,,,33.0,,5.0,1.12,14.0,
2025-06-15T22:58:11.275775,Sisal,paris-saint-germain-atletico-madrid,Paris Saint-Germain,Atletico Madrid,,400.0,400.0,,66.66,,,,33.0,,5.0,1.12,14.0,
2025-06-15T22:58:21.637710,Sisal,paris-saint-germain-atletico-madrid,Paris Saint-Germain,Atletico Madrid,,400.0,400.0,,66.66,,,,33.0,,5.0,1.12,15.0,
2025-06-15T22:58:32.012999,Sisal,paris-saint-germain-atletico-madrid,Paris Saint-Germain,Atletico Madrid,,400.0,400.0,,66.66,,,,33.0,,5.25,1.11,14.0,1.01
2025-06-15T22:58:42.379869,Sisal,paris-saint-germain-atletico-madrid,Paris Saint-Germain,Atletico Madrid,,400.0,400.0,,66.66,,,,33.0,,5.25,1.11,14.0,1.01
2025-06-15T22:58:52.723661,Sisal,paris-saint-germain-atletico-madrid,Paris Saint-Germain,Atletico Madrid,,400.0,400.0,,66.66,,,,33.0,,5.25,1.11,14.0,1.01
2025-06-15T22:59:03.081239,Sisal,paris-saint-germain-atletico-madrid,Paris Saint-Germain,Atletico Madrid,,400.0,400.0,,66.66,,,,33.0,,6.0,1.08,17.0,
2025-06-15T22:59:13.440695,Sisal,paris-saint-germain-atletico-madrid,Paris Saint-Germain,Atletico Madrid,,400.0,400.0,,66.66,,,,33.0,,6.0,1.08,18.0,
2025-06-15T22:59:23.768585,Sisal,paris-saint-germain-atletico-madrid,Paris Saint-Germain,Atletico Madrid,,400.0,400.0,,66.66,,,,33.0,,6.5,1.07,19.0,
2025-06-15T22:59:34.094702,Sisal,paris-saint-germain-atletico-madrid,Paris Saint-Germain,Atletico Madrid,,400.0,400.0,,66.66,,,,33.0,,9.0,1.03,20.0,
2025-06-15T22:59:44.453679,Sisal,paris-saint-germain-atletico-madrid,Paris Saint-Germain,Atletico Madrid,,400.0,400.0,,66.66,,,,33.0,,9.0,1.03,17.0,
2025-06-15T22:59:54.792759,Sisal,paris-saint-germain-atletico-madrid,Paris Saint-Germain,Atletico Madrid,,400.0,400.0,,66.66,,,,33.0,,10.0,1.02,19.0,
2025-06-15T23:00:05.144106,Sisal,paris-saint-germain-atletico-madrid,Paris Saint-Germain,Atletico Madrid,,400.0,400.0,,66.66,,,,33.0,,10.0,1.02,19.0,
2025-06-15T23:00:15.596895,Sisal,paris-saint-germain-atletico-madrid,Paris Saint-Germain,Atletico Madrid,,400.0,400.0,,66.66,,,,33.0,,12.0,,22.0,
2025-06-15T23:00:25.855120,Sisal,paris-saint-germain-atletico-madrid,Paris Saint-Germain,Atletico Madrid,,,,,,,,,,,,,,
2025-06-15T23:00:36.331389,Sisal,paris-saint-germain-atletico-madrid,Paris Saint-Germain,Atletico Madrid,,,,,,,,,,,,,,
2025-06-15T23:00:46.600521,Sisal,paris-saint-germain-atletico-madrid,Paris Saint-Germain,Atletico Madrid,,,,,,,,,,,,,,
2025-06-15T23:00:56.878286,Sisal,paris-saint-germain-atletico-madrid,Paris Saint-Germain,Atletico Madrid,,,,,,,,,,,,,,
2025-06-15T23:01:07.126231,Sisal,paris-saint-germain-atletico-madrid,Paris Saint-Germain,Atletico Madrid,,,,,,,,,,,,,,
2025-06-15T23:01:17.394940,Sisal,paris-saint-germain-atletico-madrid,Paris Saint-Germain,Atletico Madrid,,,,,,,,,,,,,,
2025-06-15T23:01:27.763321,Sisal,paris-saint-germain-atletico-madrid,Paris Saint-Germain,Atletico Madrid,,,,,,,,,,,,,,
2025-06-15T23:01:38.018644,Sisal,paris-saint-germain-atletico-madrid,Paris Saint-Germain,Atletico Madrid,,,,,,,,,,,,,,
2025-06-15T23:01:48.189777,Sisal,paris-saint-germain-atletico-madrid,Paris Saint-Germain,Atletico Madrid,,,,,,,,,,,,,,
2025-06-15T23:01:58.438078,Sisal,paris-saint-germain-atletico-madrid,Paris Saint-Germain,Atletico Madrid,,,,,,,,,,,,,,
2025-06-15T23:02:08.663784,Sisal,paris-saint-germain-atletico-madrid,Paris Saint-Germain,Atletico Madrid,,,,,,,,,,,,,,
2025-06-15T23:02:18.907115,Sisal,paris-saint-germain-atletico-madrid,Paris Saint-Germain,Atletico Madrid,,,,,,,,,,,,,,
2025-06-15T23:02:29.078381,Sisal,paris-saint-germain-atletico-madrid,Paris Saint-Germain,Atletico Madrid,,,,,,,,,,,,,,
2025-06-15T23:02:39.329753,Sisal,paris-saint-germain-atletico-madrid,Paris Saint-Germain,Atletico Madrid,,,,,,,,,,,,,,
2025-06-15T23:02:49.430147,Sisal,paris-saint-germain-atletico-madrid,Paris Saint-Germain,Atletico Madrid,,,,,,,,,,,,,,
2025-06-15T23:02:59.692660,Sisal,paris-saint-germain-atletico-madrid,Paris Saint-Germain,Atletico Madrid,,,,,,,,,,,,,,
